--
-- PostgreSQL database dump
--

-- Dumped from database version 15.8 (Debian 15.8-1.pgdg110+1)
-- Dumped by pg_dump version 15.8 (Debian 15.8-1.pgdg110+1)

SET statement_timeout = 0;
SET lock_timeout = 0;
SET idle_in_transaction_session_timeout = 0;
SET client_encoding = 'UTF8';
SET standard_conforming_strings = on;
SELECT pg_catalog.set_config('search_path', '', false);
SET check_function_bodies = false;
SET xmloption = content;
SET client_min_messages = warning;
SET row_security = off;

--
-- Name: tiger; Type: SCHEMA; Schema: -; Owner: -
--

CREATE SCHEMA tiger;


--
-- Name: tiger_data; Type: SCHEMA; Schema: -; Owner: -
--

CREATE SCHEMA tiger_data;


--
-- Name: topology; Type: SCHEMA; Schema: -; Owner: -
--

CREATE SCHEMA topology;


--
-- Name: SCHEMA topology; Type: COMMENT; Schema: -; Owner: -
--

COMMENT ON SCHEMA topology IS 'PostGIS Topology schema';


--
-- Name: fuzzystrmatch; Type: EXTENSION; Schema: -; Owner: -
--

CREATE EXTENSION IF NOT EXISTS fuzzystrmatch WITH SCHEMA public;


--
-- Name: EXTENSION fuzzystrmatch; Type: COMMENT; Schema: -; Owner: -
--

COMMENT ON EXTENSION fuzzystrmatch IS 'determine similarities and distance between strings';


--
-- Name: postgis; Type: EXTENSION; Schema: -; Owner: -
--

CREATE EXTENSION IF NOT EXISTS postgis WITH SCHEMA public;


--
-- Name: EXTENSION postgis; Type: COMMENT; Schema: -; Owner: -
--

COMMENT ON EXTENSION postgis IS 'PostGIS geometry and geography spatial types and functions';


--
-- Name: postgis_tiger_geocoder; Type: EXTENSION; Schema: -; Owner: -
--

CREATE EXTENSION IF NOT EXISTS postgis_tiger_geocoder WITH SCHEMA tiger;


--
-- Name: EXTENSION postgis_tiger_geocoder; Type: COMMENT; Schema: -; Owner: -
--

COMMENT ON EXTENSION postgis_tiger_geocoder IS 'PostGIS tiger geocoder and reverse geocoder';


--
-- Name: postgis_topology; Type: EXTENSION; Schema: -; Owner: -
--

CREATE EXTENSION IF NOT EXISTS postgis_topology WITH SCHEMA topology;


--
-- Name: EXTENSION postgis_topology; Type: COMMENT; Schema: -; Owner: -
--

COMMENT ON EXTENSION postgis_topology IS 'PostGIS topology spatial types and functions';


SET default_tablespace = '';

SET default_table_access_method = heap;

--
-- Name: alembic_version; Type: TABLE; Schema: public; Owner: -
--

CREATE TABLE public.alembic_version (
    version_num character varying(32) NOT NULL
);


--
-- Name: audit_log; Type: TABLE; Schema: public; Owner: -
--

CREATE TABLE public.audit_log (
    id bigint NOT NULL,
    user_id integer,
    action character varying(100) NOT NULL,
    target_table character varying(50),
    target_id integer,
    detail json,
    ip_address character varying(45),
    created_at timestamp with time zone DEFAULT now() NOT NULL
);


--
-- Name: audit_log_id_seq; Type: SEQUENCE; Schema: public; Owner: -
--

CREATE SEQUENCE public.audit_log_id_seq
    START WITH 1
    INCREMENT BY 1
    NO MINVALUE
    NO MAXVALUE
    CACHE 1;


--
-- Name: audit_log_id_seq; Type: SEQUENCE OWNED BY; Schema: public; Owner: -
--

ALTER SEQUENCE public.audit_log_id_seq OWNED BY public.audit_log.id;


--
-- Name: districts; Type: TABLE; Schema: public; Owner: -
--

CREATE TABLE public.districts (
    id integer NOT NULL,
    name character varying(100) NOT NULL,
    geometry public.geometry(Polygon,4326)
);


--
-- Name: districts_id_seq; Type: SEQUENCE; Schema: public; Owner: -
--

CREATE SEQUENCE public.districts_id_seq
    AS integer
    START WITH 1
    INCREMENT BY 1
    NO MINVALUE
    NO MAXVALUE
    CACHE 1;


--
-- Name: districts_id_seq; Type: SEQUENCE OWNED BY; Schema: public; Owner: -
--

ALTER SEQUENCE public.districts_id_seq OWNED BY public.districts.id;


--
-- Name: feedback; Type: TABLE; Schema: public; Owner: -
--

CREATE TABLE public.feedback (
    id integer NOT NULL,
    street_id integer,
    lat double precision NOT NULL,
    lon double precision NOT NULL,
    report_type character varying(30),
    description text,
    created_at timestamp with time zone DEFAULT now() NOT NULL
);


--
-- Name: feedback_id_seq; Type: SEQUENCE; Schema: public; Owner: -
--

CREATE SEQUENCE public.feedback_id_seq
    AS integer
    START WITH 1
    INCREMENT BY 1
    NO MINVALUE
    NO MAXVALUE
    CACHE 1;


--
-- Name: feedback_id_seq; Type: SEQUENCE OWNED BY; Schema: public; Owner: -
--

ALTER SEQUENCE public.feedback_id_seq OWNED BY public.feedback.id;


--
-- Name: incidents; Type: TABLE; Schema: public; Owner: -
--

CREATE TABLE public.incidents (
    id integer NOT NULL,
    street_id integer NOT NULL,
    type character varying(50),
    start_time timestamp with time zone NOT NULL,
    end_time timestamp with time zone,
    severity integer NOT NULL,
    description text,
    status character varying(20) NOT NULL,
    is_active boolean NOT NULL,
    created_by integer,
    created_at timestamp with time zone DEFAULT now() NOT NULL,
    CONSTRAINT check_severity_valid CHECK ((severity = ANY (ARRAY[1, 2, 3]))),
    CONSTRAINT check_status_valid CHECK (((status)::text = ANY ((ARRAY['active'::character varying, 'dispatched'::character varying, 'resolved'::character varying])::text[])))
);


--
-- Name: incidents_id_seq; Type: SEQUENCE; Schema: public; Owner: -
--

CREATE SEQUENCE public.incidents_id_seq
    AS integer
    START WITH 1
    INCREMENT BY 1
    NO MINVALUE
    NO MAXVALUE
    CACHE 1;


--
-- Name: incidents_id_seq; Type: SEQUENCE OWNED BY; Schema: public; Owner: -
--

ALTER SEQUENCE public.incidents_id_seq OWNED BY public.incidents.id;


--
-- Name: predictions; Type: TABLE; Schema: public; Owner: -
--

CREATE TABLE public.predictions (
    id bigint NOT NULL,
    street_id integer NOT NULL,
    predicted_at timestamp with time zone DEFAULT now() NOT NULL,
    target_time timestamp with time zone NOT NULL,
    horizon_minutes integer NOT NULL,
    pred_speed double precision,
    pred_level integer,
    confidence double precision,
    CONSTRAINT check_confidence_range CHECK (((confidence >= (0.0)::double precision) AND (confidence <= (1.0)::double precision))),
    CONSTRAINT check_pred_level_valid CHECK ((pred_level = ANY (ARRAY[0, 1, 2])))
);


--
-- Name: predictions_id_seq; Type: SEQUENCE; Schema: public; Owner: -
--

CREATE SEQUENCE public.predictions_id_seq
    START WITH 1
    INCREMENT BY 1
    NO MINVALUE
    NO MAXVALUE
    CACHE 1;


--
-- Name: predictions_id_seq; Type: SEQUENCE OWNED BY; Schema: public; Owner: -
--

ALTER SEQUENCE public.predictions_id_seq OWNED BY public.predictions.id;


--
-- Name: streets; Type: TABLE; Schema: public; Owner: -
--

CREATE TABLE public.streets (
    id integer NOT NULL,
    name character varying(200) NOT NULL,
    district_id integer,
    geometry public.geometry(LineString,4326),
    length_km double precision,
    max_speed integer,
    is_one_way boolean NOT NULL
);


--
-- Name: streets_id_seq; Type: SEQUENCE; Schema: public; Owner: -
--

CREATE SEQUENCE public.streets_id_seq
    AS integer
    START WITH 1
    INCREMENT BY 1
    NO MINVALUE
    NO MAXVALUE
    CACHE 1;


--
-- Name: streets_id_seq; Type: SEQUENCE OWNED BY; Schema: public; Owner: -
--

ALTER SEQUENCE public.streets_id_seq OWNED BY public.streets.id;


--
-- Name: system_config; Type: TABLE; Schema: public; Owner: -
--

CREATE TABLE public.system_config (
    key character varying(100) NOT NULL,
    value character varying(500) NOT NULL,
    updated_by integer,
    updated_at timestamp with time zone DEFAULT now() NOT NULL
);


--
-- Name: traffic_data; Type: TABLE; Schema: public; Owner: -
--

CREATE TABLE public.traffic_data (
    id bigint NOT NULL,
    street_id integer NOT NULL,
    "timestamp" timestamp with time zone DEFAULT now() NOT NULL,
    avg_speed double precision,
    congestion_level integer,
    source character varying(20),
    segment_idx integer DEFAULT 0 NOT NULL,
    CONSTRAINT check_avg_speed_positive CHECK ((avg_speed >= (0)::double precision)),
    CONSTRAINT check_congestion_level_valid CHECK ((congestion_level = ANY (ARRAY[0, 1, 2])))
);


--
-- Name: traffic_data_id_seq; Type: SEQUENCE; Schema: public; Owner: -
--

CREATE SEQUENCE public.traffic_data_id_seq
    START WITH 1
    INCREMENT BY 1
    NO MINVALUE
    NO MAXVALUE
    CACHE 1;


--
-- Name: traffic_data_id_seq; Type: SEQUENCE OWNED BY; Schema: public; Owner: -
--

ALTER SEQUENCE public.traffic_data_id_seq OWNED BY public.traffic_data.id;


--
-- Name: users; Type: TABLE; Schema: public; Owner: -
--

CREATE TABLE public.users (
    id integer NOT NULL,
    email character varying(255) NOT NULL,
    password_hash character varying(255) NOT NULL,
    role character varying(20) NOT NULL,
    full_name character varying(200),
    is_active boolean NOT NULL,
    failed_attempts integer NOT NULL,
    is_locked boolean NOT NULL,
    locked_until timestamp with time zone,
    last_login timestamp with time zone,
    created_at timestamp with time zone DEFAULT now() NOT NULL
);


--
-- Name: users_id_seq; Type: SEQUENCE; Schema: public; Owner: -
--

CREATE SEQUENCE public.users_id_seq
    AS integer
    START WITH 1
    INCREMENT BY 1
    NO MINVALUE
    NO MAXVALUE
    CACHE 1;


--
-- Name: users_id_seq; Type: SEQUENCE OWNED BY; Schema: public; Owner: -
--

ALTER SEQUENCE public.users_id_seq OWNED BY public.users.id;


--
-- Name: audit_log id; Type: DEFAULT; Schema: public; Owner: -
--

ALTER TABLE ONLY public.audit_log ALTER COLUMN id SET DEFAULT nextval('public.audit_log_id_seq'::regclass);


--
-- Name: districts id; Type: DEFAULT; Schema: public; Owner: -
--

ALTER TABLE ONLY public.districts ALTER COLUMN id SET DEFAULT nextval('public.districts_id_seq'::regclass);


--
-- Name: feedback id; Type: DEFAULT; Schema: public; Owner: -
--

ALTER TABLE ONLY public.feedback ALTER COLUMN id SET DEFAULT nextval('public.feedback_id_seq'::regclass);


--
-- Name: incidents id; Type: DEFAULT; Schema: public; Owner: -
--

ALTER TABLE ONLY public.incidents ALTER COLUMN id SET DEFAULT nextval('public.incidents_id_seq'::regclass);


--
-- Name: predictions id; Type: DEFAULT; Schema: public; Owner: -
--

ALTER TABLE ONLY public.predictions ALTER COLUMN id SET DEFAULT nextval('public.predictions_id_seq'::regclass);


--
-- Name: streets id; Type: DEFAULT; Schema: public; Owner: -
--

ALTER TABLE ONLY public.streets ALTER COLUMN id SET DEFAULT nextval('public.streets_id_seq'::regclass);


--
-- Name: traffic_data id; Type: DEFAULT; Schema: public; Owner: -
--

ALTER TABLE ONLY public.traffic_data ALTER COLUMN id SET DEFAULT nextval('public.traffic_data_id_seq'::regclass);


--
-- Name: users id; Type: DEFAULT; Schema: public; Owner: -
--

ALTER TABLE ONLY public.users ALTER COLUMN id SET DEFAULT nextval('public.users_id_seq'::regclass);


--
-- Data for Name: alembic_version; Type: TABLE DATA; Schema: public; Owner: -
--

COPY public.alembic_version (version_num) FROM stdin;
1682ed50ea97
\.


--
-- Data for Name: audit_log; Type: TABLE DATA; Schema: public; Owner: -
--

COPY public.audit_log (id, user_id, action, target_table, target_id, detail, ip_address, created_at) FROM stdin;
\.


--
-- Data for Name: districts; Type: TABLE DATA; Schema: public; Owner: -
--

COPY public.districts (id, name, geometry) FROM stdin;
1	Hải Châu	\N
2	Thanh Khê	\N
3	Sơn Trà	\N
4	Ngũ Hành Sơn	\N
5	Liên Chiểu	\N
6	Cẩm Lệ	\N
7	Hòa Vang	\N
8	Hoàng Sa	\N
\.


--
-- Data for Name: feedback; Type: TABLE DATA; Schema: public; Owner: -
--

COPY public.feedback (id, street_id, lat, lon, report_type, description, created_at) FROM stdin;
\.


--
-- Data for Name: incidents; Type: TABLE DATA; Schema: public; Owner: -
--

COPY public.incidents (id, street_id, type, start_time, end_time, severity, description, status, is_active, created_by, created_at) FROM stdin;
\.


--
-- Data for Name: predictions; Type: TABLE DATA; Schema: public; Owner: -
--

COPY public.predictions (id, street_id, predicted_at, target_time, horizon_minutes, pred_speed, pred_level, confidence) FROM stdin;
\.


--
-- Data for Name: spatial_ref_sys; Type: TABLE DATA; Schema: public; Owner: -
--

COPY public.spatial_ref_sys (srid, auth_name, auth_srid, srtext, proj4text) FROM stdin;
\.


--
-- Data for Name: streets; Type: TABLE DATA; Schema: public; Owner: -
--

COPY public.streets (id, name, district_id, geometry, length_km, max_speed, is_one_way) FROM stdin;
5	Hùng Vương	1	0102000020E61000001F0000007A8748B6760D5B4004A60F400A113040C28F22037A0D5B4069666C5F0D1130400C98FC4F7D0D5B404A5806530F113040AB10A992840D5B406BE9FC651411304072FE35938E0D5B4066D4ABD61A113040A4EEC9F7970D5B408A6A2741221130401EB686CE9D0D5B400DC0272227113040B322101DA80D5B406A3D09992C113040038B2D17AF0D5B4069426003311130408A7895C6B20D5B4066315BCB341130408252DA8CBD0D5B40972661D33E11304086A3516EC90D5B402AF12C8F491130400B0F169CCE0D5B400E0622A24E113040F7F5B7C8D60D5B40F2FDA5DA5511304082192760E30D5B40B2D37A6460113040657BCFFDEA0D5B40D74827D56611304084ABB8F8EC0D5B404C4E78266A113040C6C64D43F60D5B40818A052D71113040C5BC3817F80D5B409BDB0FFB70113040888BE725FF0D5B400ADA9C0178113040CC5054F10B0E5B4066F631B7831130405418EED3140E5B400DF3D2598A1130405448AAB71A0E5B40B7BAEFA48E11304009482D95250E5B40DE65E5D68E11304082A7CECE2D0E5B40F510DB088F11304080ED036D3F0E5B409E6AA70290113040F1E4F5A4400E5B4063C0B1D08F1130402CB770384C0E5B407A6B889890113040AB5E0676550E5B406A6DA70290113040E1D4AB545D0E5B40F5C292669011304073E55FEE630E5B40B8C1D03A8F113040	1.57	50	f
31	Tôn Thất Thuyết	5	0102000020E610000006000000CADE5293510D5B40B1426AEE36063040E2DE5282530D5B40E232A12E18063040724120B3560D5B40E9340AF8F005304094F1FCCB5B0D5B40BBBB4E3DC4053040DBC1714D650D5B40CCAAB9557705304099E52AEA6D0D5B40E64106EC2E053040	0.49	50	f
27	Huyền Trân Công Chúa	4	0102000020E61000000A0000008449F1F109115B40187C9A931701304089CF9D60FF105B40295C8FC2F50030401DC87A6AF5105B405B25581CCE0030402655DB4DF0105B407A89B14CBF0030403A765089EB105B4040A20914B10030403B730F09DF105B40C9E6AA798E003040E542E55FCB105B407120240B980030408B8C0E48C2105B40EE5EEE93A3003040635E471CB2105B404EECA17DAC003040A243E048A0105B40DD442DCDAD003040	0.78	50	f
4	Lê Duẩn	1	0102000020E610000018000000C55511DA3D0D5B40DA0E648C03113040CF8B763C470D5B40609863EB2B1130409630580B530D5B408CC744EF5B113040269E733F5B0D5B4010A91FA28211304016731914630D5B40A13FF539A61130405C30020A6A0D5B40DB9690B2C111304031A4E850700D5B40B3A0C1ECCC11304092ECF536820D5B402FB58E1BD91130407EC151C38F0D5B40EC97E592E4113040F57BB45C9F0D5B4053832679F11130402C26BB4FA80D5B4047A9A612FA11304027B670D3BB0D5B401A9E308E0A1230408F5DF169CD0D5B4041B2AB4216123040B9AF6F51DE0D5B40779A5EE023123040261CF55FEA0D5B40A2C4786E2D12304020C2B10AF90D5B402DEC486733123040AF070939050E5B40A0F166DA39123040945EE131150E5B404FE46EBC41123040ED5C72C51D0E5B408251544646123040863D9964290E5B40099B12934A123040DDF5EB34340E5B405ED6931150123040015551B1360E5B40B7EB8E2C53123040DA51100B460E5B4047ED73B657123040AFDDD52B4D0E5B40EDAB485F5B123040	1.94	60	f
32	Nguyễn Sinh Sắc	5	0102000020E61000001B000000C1486C88A40A5B4013A1DDF2DC14304016490C07A40A5B400D596A46D914304002497C88A30A5B40D225BB51D61430401201941D950A5B400BC72FD783143040EBBB8BAA940A5B4086E37D4E811430408B1EC4BC810A5B401AB0F98915143040D818A8357F0A5B4020A801DE05143040EC46C7E5740A5B40696EA116CC1330402647C78B740A5B40575BB3D9C9133040DB12FF04720A5B401C7FF384BB13304048FD430F690A5B40F90278FE82133040A06AEB6A660A5B4073EA3E2E73133040F443FC09590A5B404D4E6F002D13304025E3EB3B510A5B40DBAA147B001330407C4DC7714C0A5B406E570AE3E5123040CC4CA7CE4B0A5B40A187F203E3123040E24CF7064B0A5B40E1133E9CDD123040434D17424A0A5B40BAA4768ED91230406039E214460A5B4040ACF5A5C012304085EBF19D3F0A5B40FAA6537C9C123040F2EA01F83E0A5B4059D5E20599123040CDA5D8ED2D0A5B409BB996AE371230405F01A15E180A5B40FF318B33BA113040D32B7DE7030A5B40E055DBEB49113040EF608C90F2095B40A0EFA296E5103040312C55C5F0095B40DFC952BAD81030408DED5929ED095B4081F127CFC3103040	2.15	60	f
6	Nguyễn Văn Linh	1	0102000020E61000001A000000B21E54C70F0D5B40A1F9EA41D70E304015467A261C0D5B408C2EC082E70E3040D697429E290D5B401AA1C9F7F80E3040376B83FA300D5B4017E97599020F304018E920F7380D5B40978764BC0D0F3040055DAD51440D5B40000E17631D0F304075BEDC7D520D5B40024B77F3300F3040051466BC640D5B40E6D74334410F30407A372D34720D5B40AAA67420480F30402ACB970B7F0D5B40B3F497BF4E0F30403ACBF6CE8B0D5B404D2AFDDF560F3040E6642B17930D5B40BE5BF8975C0F304073D424B49B0D5B403ABECB68610F3040F6FE69C1AB0D5B4075FF64BD6A0F3040A49DF81BB70D5B4007995F75700F30401DC219A6C80D5B40D05105177A0F304033A5D650D40D5B40BE7FFFCE7F0F3040256B7CD3DF0D5B40AD674855870F30404E3F9390EF0D5B4046CA1A268C0F30407B98CEAC010E5B409BD82FCC900F3040B7FE47E50C0E5B40BAB93EAD920F304056934982150E5B407F7AC31B940F3040932CB580260E5B40AF617358960F3040C3B3DAA1330E5B404C1C10B0970F3040A92A0CA1470E5B4004BDA3FF9A0F3040D4710768510E5B40DDAE5C449B0F3040	2.14	60	f
7	Điện Biên Phủ	1	0102000020E610000028000000CFD64CA97C0B5B4020D8A75CE90F30402116CB627E0B5B40F0A985D5F90F3040AE322B21810B5B400B54BEFC0510304098594CAB860B5B40BB9D06A91610304032D0E2E5920B5B404181A2863C103040A77BAB6D9D0B5B40B8F8785D5C10304042B3384EA70B5B40BE453CAF7710304084DBA2B5A90B5B4069E57E52801030404B337A13B50B5B406B9BBF9F9710304059F5142ABB0B5B406BA97AFBA41030402E34A924BE0B5B402AAE0630A61030402586BFB6C60B5B400DA94CC0B4103040A6ADE3CFD20B5B4011BD3799BF10304091A3BF5ADF0B5B40D6B24BB6C2103040084EC61AFB0B5B40F95164C0CB1030408E0A277B0C0C5B408F2ABA2BD01030408E0A277B0C0C5B408F2ABA2BD01030405B02020A2D0C5B40F82F1484DA1030406EBE95063A0C5B404A65694ED810304050F9D909470C5B40A982E165D6103040D4E6A51F530C5B40399B597DD4103040964B387D600C5B408097D33AD21030401546642C690C5B40CBB633EDD01030406ADC2EA3750C5B4070491ADECE103040150F96CD7D0C5B40FD9F480FCD1030407166DF2F870C5B40BF3555F4CA1030404E843472950C5B407BC659A6C810304017FBB46BA00C5B40133763E4C6103040518BFA0DAD0C5B40BB0000EFC41030408CDDC1F6B70C5B406452B608C510304093AC7F86C50C5B40A61710C0C810304094B849ADCF0C5B408251D850CC1030406AA2BC70DE0C5B40DF62A287CF1030403455A5E2E90C5B4035289357D210304058A0FD37F60C5B40AE97EEB4D51030404B4CCBFB040D5B40C2D99FBAD91030403BB4D547180D5B406EAFCCE6DE10304053FF43DE250D5B409AF24645E3103040AF5AA010310D5B40BD417DAFE61030400EFEFD003A0D5B40682FB690EB103040	3.03	60	f
13	Nguyễn Tất Thành	2	0102000020E610000058000000CBD6FA22A1055B40A60C1CD0D2113040F56915FDA1055B40AB2006BAF61130402D7B12D89C055B407BF99D2633123040B2F2CB608C055B40C5AD8218E8123040028063CF9E055B40E8DA17D00B133040815D4D9EB2055B406553AEF02E133040E010AAD4EC055B405F9B8D9598133040BA1281EA1F065B4000E31934F4133040624CFA7B29065B4011548D5E0D1430403D62F4DC42065B40F48AA71E69143040FCE3BD6A65065B408FA67A32FF143040C03C64CA87065B407DCB9C2E8B153040D47D00529B065B40376F9C14E6153040DAC534D3BD065B403750E09D7C1630400490DAC4C9065B404C50C3B7B0163040105B7A34D5065B4059C345EEE91630405A1135D1E7065B4021B1DD3D40173040A515DF50F8065B4056F146E69117304011548D5E0D075B404772F90FE9173040118B187618075B40F7AC6BB41C183040FC5580EF36075B40A08D5C37A51830408718AF7955075B40A60EF27A301930400BB3D0CE69075B405E6743FE99193040315C1D0071075B40B6679604A81930408D63247B84075B408BE07F2BD9193040C05FCC96AC075B40AF230ED9401A30401E54E23AC6075B40289EB305841A3040B743C362D4075B400ADCBA9BA71A3040E738B709F7075B404FEB36A8FD1A30405073F22213085B4069E21DE0491B3040809C306134085B4049490F43AB1B3040D367075C57085B40ABECBB22F81B3040F60CE19865085B40FED137691A1C30405ED905836B085B407D957CEC2E1C304057EBC4E578085B40A5DDE8633E1C3040541EDD088B085B407BFA08FCE11B3040BBED42739D085B403B8BDEA9801B3040F0FD0DDAAB085B40865968E7341B30409CC0745AB7085B406A34B918031B3040DBDFD91EBD085B40DCA16131EA1A3040B891B245D2085B40A64412BD8C1A3040D1419770E8085B400A9DD7D8251A3040FA0B3D62F4085B40378C82E0F11930409DBCC804FC085B403DF20703CF19304054E23AC615095B40857CD0B359193040FB07910C39095B4014799274CD1830405D4E098849095B4038BEF6CC921830404D8237A451095B40F964C570751830406058FE7C5B095B40B4C9E1934E183040DD7C23BA67095B40ACC8E88024183040361FD7868A095B4016C1FF56B21730403D61890794095B40E0F42EDE8F1730408B6F287CB6095B405AD93EE42D173040FC709010E5095B40FFE6C589AF1630402C634337FB095B40CAE028797516304078B81D1A160A5B402BA391CF2B163040ACE5CE4C300A5B40BBB54C86E31530400A117008550A5B40978FA4A4871530406231EA5A7B0A5B40A60EF27A301530408ECEF9298E0A5B40F6F065A208153040A7C98CB7950A5B40E6046D72F8143040C3633F8BA50A5B40DF88EE59D71430405E807D74EA0A5B40D595CFF23C143040A6D425E3180B5B40EF8E8CD5E613304003B5183C4C0B5B409F05A1BC8F133040A3409FC8930B5B40D575A8A624133040A1BFD023460C5B40A5DC7D8E8F1230409A95ED43DE0C5B4049809A5AB6123040D6E07D552E0D5B40155454FD4A1330408F37F92D3A0D5B40DF35E84B6F133040D8B628B3410D5B40C713419C87133040E2B19FC5520D5B40A0E1CD1ABC133040CD76853E580D5B406C76A4FACE133040944E24986A0D5B404B3B35971B143040C139234A7B0D5B40E7A8A3E36A1430407D7A6CCB800D5B40A8FDD64E94143040D3122BA3910D5B40151BF33AE21430409817601F9D0D5B40B43BA418201530409413ED2AA40D5B400CB08F4E5D153040B6679604A80D5B404A09C1AA7A153040B439CE6DC20D5B40A6D0798D5D16304031410DDFC20D5B40F304C24EB11630403CA1D79FC40D5B4027FA7C941117304036E49F19C40D5B407C6473D53C173040C53C2B69C50D5B409D465A2A6F1730404F779E78CE0D5B4026732CEFAA17304068588CBAD60D5B40C6A4BF97C21730408AAF7614E70D5B4014CD0358E4173040	18.77	60	f
14	Trường Chinh	2	0102000020E61000004600000046B41D53770B5B4034BDC458A60F30407A8D5DA27A0B5B40D3F544D7850F3040A75B76887F0B5B404487C091400F304092EC116A860B5B40F7CDFDD5E30E3040290989B48D0B5B4059DB148F8B0E3040CD21A985920B5B40E5D2F885570E30408ACDC7B5A10B5B40DC0DA2B5A20D3040998235CEA60B5B40F5D89601670D304080F277EFA80B5B40236AA2CF470D3040C07971E2AB0B5B4050FBAD9D280D3040C93D5DDDB10B5B409961A3ACDF0C3040E5EE737CB40B5B403F575BB1BF0C30402AFF5A5EB90B5B403909A52F840C3040BEFA78E8BB0B5B407214200A660C304009168733BF0B5B4093A641D13C0C30401FD61BB5C20B5B40A9BEF38B120C3040B9C2BB5CC40B5B405BB39597FC0B3040B3B794F3C50B5B40CA501553E90B30405952EE3EC70B5B406C938AC6DA0B3040E9633E20D00B5B4088D7F50B760B30404D0F0A4AD10B5B406FD921FE610B30408D7C5EF1D40B5B40CD052E8F350B3040373811FDDA0B5B40AF3E1EFAEE0A30403CDBA337DC0B5B40BE6BD097DE0A304082531F48DE0B5B40933655F7C80A3040B6F81400E30B5B40151C5E10910A30409F211CB3EC0B5B4028999CDA190A3040B4AD669DF10B5B40529B38B9DF093040041E1840F80B5B40CE893DB48F09304056444DF4F90B5B4090300C5872093040D7868A71FE0B5B403BA92F4B3B093040ED2C7AA7020C5B40BE13B35E0C093040BC5AEECC040C5B404F029B73F00830407FC00303080C5B4084B872F6CE083040889E94490D0C5B40C87E164B910830409D103AE8120C5B40C1ABE5CE4C083040761C3F541A0C5B40C05B2041F10730408BA8893E1F0C5B40D099B4A9BA0730404FADBEBA2A0C5B4022DFA5D4250730400B0BEE073C0C5B40EE7C3F355E0630404ACFF412630C5B40B9FDF2C98A053040E9103812680C5B4054A703594F053040240F4416690C5B40B020CD5834053040D671FC50690C5B400EA48B4D2B053040E8DCED7A690C5B400FD253E410053040605B3FFD670C5B40A8C821E2E6043040847F1134660C5B404B5645B8C9043040E8A562635E0C5B40DFA7AAD0400430404930D5CC5A0C5B400438BD8BF7033040FCC6D79E590C5B40B16F2711E10330400E661360580C5B40747E8AE3C0033040D333BDC4580C5B4025404D2D5B033040C09481035A0C5B407009C03FA502304002840F255A0C5B406C7A50508A023040FC8C0B07420C5B40AC1BEF8E8C01304059C2DA183B0C5B408DEC4ACB480130401230BABC390C5B4077DB85E63A01304054539275380C5B409082A7902B0130407DAF21382E0C5B40168A743FA7003040F6CFD380410C5B40C328081EDFFE2F4009A69A594B0C5B40E2E7BF07AFFD2F40026729594E0C5B40B821C66B5EFD2F409B3924B5500C5B40F1F274AE28FD2F40B8EA3A54530C5B402DB1321AF9FC2F40EBC37AA3560C5B40E6ADBA0ED5FC2F4079E8BB5B590C5B4072FC5069C4FC2F4051C07630620C5B40A036AAD381FC2F40459DB987840C5B406E4DBA2D91FB2F40317C444C890C5B40020CCB9F6FFB2F40317C444C890C5B40020CCB9F6FFB2F40	8.32	60	f
19	Phạm Văn Đồng	3	0102000020E61000000A000000DD5ED218AD0F5B40172829B0001230403A5AD5928E0F5B40C8D11C59F91130409D465A2A6F0F5B407DD0B359F511304037DF88EE590F5B407E384888F2113040F4160FEF390F5B407A008BFCFA1130403E3F8C101E0F5B4043E21E4B1F123040D2FD9C82FC0E5B409701672959123040C9E88024EC0E5B40174A26A77612304039F1D58EE20E5B4003603C83861230407C45B75ED30E5B40DFC325C79D123040	1.48	60	f
23	Trần Hưng Đạo	3	0102000020E610000027000000F9BEB854A50E5B40BBED42739D163040D5CE30B5A50E5B404432E4D87A1630407C9DD497A50E5B40F5108DEE20163040D5CE30B5A50E5B404E9D47C5FF153040F8A41309A60E5B40F31E679AB015304058AD4CF8A50E5B4071AFCC5B751530408D08C6C1A50E5B40CBD8D0CDFE143040D5CE30B5A50E5B4064E76D6C7614304058AD4CF8A50E5B40D28BDAFD2A1430408D08C6C1A50E5B40E7AA798EC8133040E73922DFA50E5B401AA20A7F86133040D5CE30B5A50E5B4046EF54C03D1330409F73B7EBA50E5B40E013EB54F912304058AD4CF8A50E5B40AAD381ACA71230402E008DD2A50E5B40DE21C500891230406A183E22A60E5B400EA0DFF76F1230400A100533A60E5B4062BA10AB3F12304069FE98D6A60E5B407993DFA2931130403D81B053AC0E5B40E882FA963911304033C005D9B20E5B40863DEDF0D7103040D235936FB60E5B40A1F5F065A2103040C5538F34B80E5B405DA5BBEB6C1030401155F833BC0E5B401BF2CF0CE20F304093196F2BBD0E5B40E355D636C50F304099BC0166BE0E5B40C6302768930F30404AD1CABDC00E5B40E6E61BD13D0F30405B087250C20E5B40EFFFE384090F304001892650C40E5B40C826F911BF0E304053AF5B04C60E5B40B64DF1B8A80E3040C4EE3B86C70E5B4007EFAB72A10E30404DF564FED10E5B4055867137880E3040E25B5837DE0E5B40122F4FE78A0E304022E3512AE10E5B402788BA0F400E3040626A4B1DE40E5B40E3FDB8FDF20D3040B5C4CA68E40E5B4059DDEA39E90D3040AD855968E70E5B40CD3E8F519E0D3040D6E429ABE90E5B402B4EB516660D304017A06D35EB0E5B40DD257156440D3040F838D384ED0E5B406D72F8A4130D3040	4.3	50	f
37	Ngô Thì Nhậm	6	0102000020E61000000B0000003411A79DB3095B4028DBAC54BA113040DA4FEFC7BC095B40431BC367CD113040E28B3EECCB095B406401593CEE11304004C5558FD2095B40C20F94A7FA113040B0917D65DF095B408A6B50ED13123040CC903DC2E0095B40C310D509161230409CCB5D8BE8095B40FC86C6E8251230403130E15CF9095B401F79C9F64212304096656FC0000A5B403E213A094D1230405210FB34080A5B40540ECB27571230404C0F5BA20D0A5B402105ECB260123040	0.65	50	f
47	Nguyễn Tri Phương	1	0102000020E61000000D000000AC146AC4F60C5B40C805F6D6C410304036146ADDFB0C5B40C3588BC79A10304085134ABB010D5B405141C5A063103040E0130AE8050D5B4036F8DC733D103040AC8644E40F0D5B4095A6FA4AF30F3040448664E61A0D5B4087452343AC0F3040C7AC84C7230D5B40DC5E44F66D0F30404088617D2A0D5B408B2630EA340F30408D88613C2F0D5B40020AE4BD080F3040F488E1A9320D5B40FC88405AE50E30409E89E100360D5B4050E5610BC80E30400989E1193B0D5B40A1ADDB52980E3040ED888173410D5B4042DDA078710E3040	1.12	50	f
26	Lê Văn Hiến	4	0102000020E61000001A00000050340F60910F5B40D02B9E7AA40930401118EB1B980F5B4078D4981073093040450E1137A70F5B40C1C6F5EFFA08304043A9BD88B60F5B4012DE1E8480083040C5707500C40F5B400514EAE9230830407381CB63CD0F5B409D4B7155D9073040C6151747E50F5B40C976BE9F1A073040D88349F1F10F5B40F03499F1B6063040F8A6E9B303105B4074B7EBA529063040ECFB709010105B40790778D2C20530400C1F115322105B4037548CF3370530404E452A8C2D105B407978CF81E50430406840BD1935105B4098689082A7043040390D51853F105B40745FCE6C57043040E86B96CB46105B40E22021CA170430403D7FDAA84E105B40B9FC87F4DB0330406A6798DA52105B409012BBB6B7033040E8A562635E105B40D1B1834A5C0330409D465A2A6F105B4089247A19C50230408198840B79105B4069705B5B78023040F2423A3C84105B40274EEE772802304032B08EE387105B40E04A766C04023040C49448A297105B40CB9C2E8B890130409817601F9D105B40B2497EC4AF0030408B4F01309E105B406C5ED5592D0030400F48C2BE9D105B400FEECEDA6DFF2F40	4.71	60	f
30	Hoàng Văn Thái	5	0102000020E61000001400000026D0A003B40A5B40820FF4C7820E3040CED48012A70A5B403FE3849C690E3040FA8610FE8E0A5B40672477614B0E3040238C902C770A5B407463B044300E30400F680168520A5B40035056C1040E3040AC1E21A0320A5B40B1BF637FDF0D3040094C1948160A5B403E62DC4CBD0D304013692A58EC095B40882CE3A3A00D3040E1684AADE0095B404BFD4DC6910D3040D8383C82CA095B40FC56D116670D3040A4D00EB6B2095B40C05DC9DF3C0D3040ED231EC998095B4083793D43F50C3040B6127B0A8E095B40BB4386FAD70C304003FAB9927E095B402CAEE060AD0C3040E848147960095B40D3EE15D77A0C3040E8205F8A52095B40A0EC07A1640C3040918A0B9C47095B40B53E15C75B0C304028703CC531095B40F98E8100560C30402B727C3626095B40FFB44680490C3040BDFEC4F71A095B40B57946D3350C3040	2.88	50	f
43	Lê Trọng Tấn	7	0102000020E61000002B00000014B8E4BA750C5B407332DDD61F0A3040AB400A765F0C5B40D8426034FC093040CC1A2038500C5B404494C965E10930409419CF283F0C5B40C1CC7ADBC4093040971ACF0F3A0C5B40E09FCCEABC09304087C2824E290C5B40B005E44DA509304008C462FA240C5B40293A6DE9A00930400BC542F51C0C5B40ECFFBE4B98093040CDC68244150C5B406E8E2F1A90093040F2DAE5180B0C5B40818D732085093040C9930F48030C5B40A40BD2DF7C0930408B986F0DFC0B5B407D7B41AE7409304032982F62F60B5B403B022B876F093040109A8F49EB0B5B400DBA21F162093040042D4513DC0B5B40007498B052093040FED86C7BCC0B5B403F92DEBD4309304060BF9DACB10B5B40C94032E026093040845BFE619D0B5B40ABCD24B112093040349A73388E0B5B400FC8788D02093040EBCC41487D0B5B40655DDB70F008304036AA9F1A6C0B5B4022426A6DE3083040205FCCAB530B5B4056FDAD47DE083040D8D5D8CD460B5B40745A8984DB083040C5D9F860390B5B403055DD3EE6083040AAB377482B0B5B40597FAD13F1083040B7E95350210B5B4080D2DDE7FB083040F0E9F3A71A0B5B40654E86FB0D0930404EEB335C170B5B40476BEB3D21093040B43FC57F100B5B40374AF8A2A0093040BDE8CFBF0C0B5B400D1A774AC10930404AAD10A1010B5B4073391E1CEF0930407834757FED0A5B40D2A3FEFD220A30400D97B95EE20A5B402063D9E5390A3040E705C905C00A5B40CB9EA3E17B0A3040DC2B11E9AB0A5B4045986D939C0A30401E671417950A5B4058182C09AE0A30404DA8E6BC7E0A5B4046A08882C60A3040A61788D3710A5B409E5F9570D90A3040BE442ECF630A5B408C571914F80A3040D44B782D380A5B40B0B63C02500B3040EB48D84C310A5B40E46FC22C560B3040B849B89B2F0A5B40069630BF610B30406F245BA00C0A5B4050DA96539A0B3040	4.56	50	f
48	30 tháng 4	1	0102000020E61000000E00000007C0DD4F7F0D5B40FDA24C1E130A304078587D228E0D5B4034467FD0210A3040D6D4083E910D5B40519839B8210A3040D97C8A36A00D5B4044CC7612280A3040931AD8C0AD0D5B40E011C9D82F0A3040DAB83615B10D5B40F23A3CB3300A3040D1DDE616C10D5B40250C1B9F370A30406FFE9998CB0D5B4093B3FC743C0A3040EF0F0275CE0D5B40D2DE11E13D0A3040829F6A59E10D5B40FB014B51460A3040E647C3ADEF0D5B40B3BE6E554D0A3040C6E01CA5020E5B4003E3D771540A30401FB8876A130E5B40457286A65B0A3040F5BA138E260E5B40E8C36392620A3040	1.1	50	f
49	2 tháng 9	1	0102000020E61000002500000011AAA73E5B0E5B404AF5C8C58708304074E7066D580E5B4039A44FA3E40830407F4006A0550E5B400F4ABC384F093040E4DA6747530E5B4016970BE69C0930401CC7978B510E5B405A64766ED00930407EFF82084F0E5B40FE74BFD4230A304044E1AF7E4D0E5B4010CDCFD6680A3040FBD4E32C4B0E5B40A0C30775B20A30405A493889480E5B40D3FC2D52070B3040A9DF65E4460E5B409D3958DA450B3040F4DEEC0C460E5B40306C17A95F0B3040E3B6949D440E5B4022586710940B304031133149420E5B4002CABF86DC0B3040A38BFD85400E5B40F4F859A20E0C3040571EF8AC400E5B40C93DCAFF170C3040DEE6E55D3E0E5B406FE97DE25B0C30406BBD05E93C0E5B406CD5F807930C30405BA3F6A33E0E5B40687F4176A20C3040DCC9B90A3F0E5B40A4882077AC0C30405928A1773C0E5B40EF6C5234BB0C304023F7CF8B3B0E5B403DA8CDB0E80C3040831356573A0E5B40A7630FE6340D3040C90EE690390E5B40F0940509500D3040637A4F38390E5B40379D343F6D0D30408FAD499A380E5B4058E3911FA80D30405DC74BEA380E5B40D38A46B4D40D3040FDEEE2A6390E5B40320F545C1F0E304004FE5A143A0E5B4054C3D5505F0E3040A2E0BD1C3B0E5B40B3576ACB910E30407278789A3E0E5B40EFB04376C20E30406D6AD1BA420E5B400052D735E80E3040B15F0D714A0E5B4043F3AAD51A0F30406FCC5E7D520E5B4014B053EA4C0F30400CB2B982540E5B40E24598CA590F30400225359E550E5B40905C3501810F3040A82503B7550E5B4066507A319C0F3040C5708308560E5B40CCF1704DA60F3040	3.15	60	f
10	Hoàng Diệu	1	0102000020E61000000A000000A74B7681F80D5B40EAF5A9D0950C30409C17808BF70D5B400C7F529BBA0C3040EE09BAD0F60D5B4092522BE1DA0C3040F509AA68F60D5B40C54BA8ACEA0C30408C09CAD0F50D5B401DD993FC010D304058099A1FF50D5B40942EAAC7140D304087094ACBF30D5B40396B0F4C380D3040D0082A93F10D5B403F8048A34E0D3040175ECE12F00D5B40D5F15EC45F0D30405E5D3E86EE0D5B402EBAF2116D0D3040	0.37	50	f
50	Nguyễn Hữu Thọ	6	0102000020E6100000250000002D70B3EA820D5B40089C2BF63905304055D83F607F0D5B401AE2C38A58053040E6A7782D760D5B4072F1FFE6A20530409B16CA39680D5B407EF554430F063040AB154A26650D5B406844D26F28063040FC134A29620D5B40C7DF62BF4B0630405E138AEB5F0D5B402B9290F780063040FFD1528B5C0D5B40A2B6E6A1570730408303A4E95B0D5B404F032E02CB0730402B03640B5C0D5B4036D8324FE10730405D02E4A85C0D5B408472351201083040070264A05D0D5B40F0F8F1BE26083040A38FDD1C650D5B404E146825A8083040108F1D09660D5B400EF35F9BB10830405B029CFB700D5B40C4D6C34F6A09304002025CD1710D5B4083D02CD076093040E73D6947770D5B4014C74D4ACF093040803DE9E4770D5B4057383913D8093040D93CE9687B0D5B40331043B7070A3040813C29557C0D5B404CB5D19C310A3040842897B6790D5B40340DD04F6C0A30401B31E186760D5B40CBA5428AC40A30408CDD3383720D5B4058EA86CA400B30400204DE286F0D5B40E4D4ACD1AA0B30404405DEF06A0D5B40D9BB1C3C2D0C30408305DEE2690D5B40E7BDB9CA560C30408A68BE7A660D5B40FF12B68AC50C3040E8673E91660D5B401906BB79D90C3040CF6A3E56650D5B4018CE976C070D3040246ABE8B640D5B4082FA13B21B0D3040E86AFE20620D5B4079F355554B0D30401D6B7E75600D5B4034B27365750D3040E8E3757F5C0D5B40C3FAD80AE80D30407CE435855A0D5B40BF855D17110E30400BE675C3540D5B4095992BE23F0E30400CE6F5DF4E0D5B40768F9ABA590E3040B8E7F5A74A0D5B406682035F640E3040	4.11	60	f
29	Nguyễn Lương Bằng	5	0102000020E6100000310000000080A607A2095B40BE43DFF1621230405980C661A0095B40CD0BA53E73123040288006059F095B40E5B8774E81123040F57F76D59A095B400C9F8893AB123040C47FB6B697095B4062186AA4C91230407C7F96B996095B40AD0E2828D4123040627F56FA95095B4048A7E738DC1230405981C6818F095B40697160F5191330408681E6A389095B401970DDE453133040DB8006A784095B40094B0937851330405982465E7E095B409C3B6CECC01330408281261B78095B406DD218FFFE1330400081868373095B4035F9DEEC2B1430403C82E6456F095B4076FE2D9E531430409F8266DB68095B40FBC368F98D143040448246B464095B401077E49BB7143040F181E65460095B406C7BA282E21430401D82861758095B4044C06DC735153040C47E200D52095B405D03BB01711530404C7E209A4C095B4041D7CE56A3153040D07E006844095B40931DDB0BF21530404432E8D63D095B40B581F1CD2E1630401B32C87438095B4089AF284665163040D231087831095B4005BC8219AA163040B931683D2A095B409E5D3C09F11630401531C85C23095B406D79FC1233173040B13068681D095B40AF1BBC47621730409933688B09095B40E7ECD696B217304078856B76F6085B4083141650F317304094858B8BDF085B403319DF3243183040981973BECD085B403010942B98183040C82602C6BE085B406897C82DFF183040D28D7136B0085B403547A25B7619304045126CC3A2085B4088411609DE193040DDA29C0293085B40412BF2705F1A30403B8C21207B085B4002FC05921F1B30409CF7E5B277085B40CB05FB273C1B30406620DD8E6B085B4005571286891B3040E9230BC75E085B40466F8DAAD51B30409D2AACA459085B40C0435DDDF41B3040A8B62C6F4F085B40DD52490C3E1C304035012BD44B085B4033A1C951671C304075B2A8CD41085B401398D138C01C3040681042CB20085B40E35B93C7601D3040796FDD7810085B40A7BBB048B11D30400F703DA30D085B405CB9C6F1C31D3040C66D5DB409085B4058E9310A0B1E3040072B30BEFF075B404F8EB78A4E1E3040C736189EE6075B40B34DA16DD31E3040	6.19	60	f
34	Nguyễn Đức Cảnh	5	0102000020E61000000D000000215BC8FC0F0E5B4025495A5751163040D05AC883100E5B40637518965D1630401F5BB8EE0F0E5B405F49DF5C6F163040C5C845380C0E5B406768A0798C1630403D9AC0D5050E5B40843BD3EAB9163040D59AA0E9020E5B4085DEB436CD163040999AE05F010E5B409E0B414BD316304021998095FE0D5B40842C7A02D7163040769910BDFB0D5B4079E3CE99D71630403899500CF40D5B4050A4F475D6163040481A7417E50D5B40F40F1950D41630401719F4C5E30D5B403EB962CED3163040D90A2765D60D5B40C570DBADD0163040	0.53	50	f
40	Trần Thị Lý	6	0102000020E61000001200000044F44E3D270F5B40552F9D17A30D3040C9E384791F0F5B4004C4C62C7B0D304019D48F521C0F5B40BCE61F9A680D304028D4FF4C1B0F5B409A5A4532630D30407318A6AA180F5B40721BB7BC530D304060176955120F5B40DBB9B262380D304007C97F2F0B0F5B40507280C1230D3040C2030DCA020F5B40422F4531150D3040ACCE96E7ED0E5B40E41126D8040D3040F0AFC30FD20E5B4083969936F60C30400CDDD2E5A60E5B40BFB54226E00C3040590766258C0E5B408D405C4BD10C3040D9A2C80D6F0E5B40B33B7595C20C3040462E690B660E5B402F18DDC0BF0C3040B6AFD9DA520E5B40A8B50739B90C30405BB089E0510E5B4078861AC2B80C30406216BD39480E5B4027A82470B40C3040E63AAD1B3F0E5B40F4D391D0B10C3040	1.63	60	f
9	Lý Tự Trọng	1	0102000020E6100000170000001E0C8A6E9F0D5B40FB1B84D9461430407684D46AA50D5B404DBFD182351430406C19F237AB0D5B402A11748022143040031B3267B40D5B405C6EA776061430400F1B92B2BD0D5B40E2FA83D4EF133040AA19B222C40D5B40B275812ADD133040111952C5CC0D5B406DC196B3C6133040F619D23DD40D5B40B02EC3A8B0133040221B42BCD60D5B40DCB7323AA9133040331A9218DF0D5B4018681CEAAD1330405CEC9154E80D5B400BC5C7D2B1133040CCEA011CED0D5B40EAEDD9CEB31330405DEB01DBF10D5B40A56EBBD5B51330406EEA6137F90D5B4082A5C844BA13304047EAC193000E5B4031808B52BE133040D4EC51E70D0E5B401E83D342C6133040D8EC3138190E5B4039E1CB0BCC133040DDEB01BC1F0E5B4090F610E0CE13304004EC91E5290E5B4027B6E206D413304008EDC1E4360E5B4000070172DA133040D9EAE1B9410E5B407FC33383DF13304050EB3108490E5B407789CFEEE213304041ECC17A550E5B407E9086E2EB133040	1.28	50	f
8	Phan Châu Trinh	1	0102000020E61000001900000074980CD31C0E5B40442D9F0D0E123040701517FB1B0E5B400CE418A5E71130409C89C0E8190E5B40C87AA8F38F113040DEBC05B9190E5B40C4017C3275113040EFA1F562180E5B402EA579F144113040DBC6EE55160E5B40C580429BFB1030407069823F150E5B407506E0EBD1103040067746B8140E5B4077873604B51030406DC0C002130E5B40718A368F6B10304008E5B9F5100E5B4015F7DD30201030406B2170C70F0E5B4094B31C0EF00F30408A92BEE00E0E5B40B6748D34C70F30406E31FF520D0E5B409C3512C29D0F3040107726260B0E5B40FBCC2A846A0F30406C0CF6960A0E5B402551D7495F0F3040EAAA3609090E5B4004B2A9423A0F3040B6E6ECDA070E5B40F4E8644F1E0F30405D6BA55B070E5B40D21271DB0F0F3040FFE111FF040E5B4069F56D47F10E3040FC434FBC010E5B405FDBAB98A40E3040FCF3A61E000E5B4075C33125730E304014680497FF0D5B40570457AD5E0E3040D339123E000E5B40AD1B1A3C450E304014688CFB010E5B40497E9A45090E3040535B50E7040E5B40C1E2071ED40D3040	1.85	50	f
15	Tôn Đức Thắng	2	0102000020E61000002600000029779FE3A3095B40B8CD548847123040CD5B751DAA095B40EEB1F4A10B123040F5BA4560AC095B40CBA145B6F31130402E03CE52B2095B403DB83B6BB7113040D53C47E4BB095B40E1B4E0455F113040A73D25E7C4095B40C58F31772D1130405534D6FECE095B40113AE8120E1130401D71C806D2095B400AF83592041130409B00C3F2E7095B408D45D3D9C9103040D47C957CEC095B40EC3026FDBD1030400E2DB29DEF095B406E8AC745B5103040EE77280AF4095B40323B8BDEA9103040E97C7896200A5B4040FB912232103040D15D1267450A5B40E272BC02D10F3040BD70E7C2480A5B40FF06EDD5C70F30403F1BB96E4A0A5B40902FA182C30F304078978BF84E0A5B40EF1AF4A5B70F304058C85C19540A5B40BBF083F3A90F30406058FE7C5B0A5B401F1494A2950F30401FA0FB72660A5B4081B22957780F30401FA0FB72660A5B4081B22957780F3040CB147310740A5B407C9E3F6D540F3040137D3ECA880A5B400341800C1D0F3040950D6B2A8B0A5B409B8E006E160F304069E1B20A9B0A5B404B5CC7B8E20E30405FB87361A40A5B402B84D558C20E3040A99F3715A90A5B40FE7E315BB20E3040C05FCC96AC0A5B408E226B0DA50E304002BA2F67B60A5B40B48EAA26880E3040FBE8D495CF0A5B40A855F487660E3040904FC8CEDB0A5B409161156F640E3040CCD24ECDE50A5B40E1B721C66B0E30408A00A777F10A5B40BC96900F7A0E30408B8862F2060B5B40AE450BD0B60E3040A165DD3F160B5B40A8FC6B79E50E3040C0CFB870200B5B4082902C60020F3040CCD1E3F7360B5B408121AB5B3D0F30406F9C14E63D0B5B40FDF7E0B54B0F3040	3.49	50	f
11	Nguyễn Chí Thanh	1	0102000020E61000001D000000171645CB1E0E5B408277E3EE671030404416E52A1F0E5B40343B04A1761030407490D5DB1F0E5B40DA832EB89410304087900560200E5B4073E96F6FB11030404390C535210E5B404535402CD9103040E98F351F220E5B4055D6C64AFE1030406DCFA60F230E5B40627DF33123113040A9CF76F3230E5B40CD9DBF0144113040DA0434EE240E5B40E24103A56C1130407EB5327A250E5B408CE42ABE8E11304046556D43260E5B40F8FF905CB9113040733170D5270E5B40E4CF174EF111304085248F4A280E5B4003D6C3940C123040C6689C32270E5B400AB7354E30123040A822C046260E5B402F7F4CF7481230408822F0DB240E5B40F33457967412304074087670230E5B402867B25B9D1230402FF72B07220E5B404BB1D89AC81230405D30E7D3200E5B40A82CA841ED12304085D4A59A1F0E5B40DFA56C8A11133040A114F0811E0E5B406F7BFDEA31133040B5381BE71C0E5B40A075F1595E1330403F881CBC1A0E5B40FEAD44329D1330402A886C6D190E5B400F97E881C7133040A436DE3C180E5B40B6CF75F0EB1330400E7504C6160E5B40B5B4433318143040827464DF150E5B40F12225C6331430401412BCEA130E5B40A5DCF7266B143040CBB82C0A130E5B40307CE2D081143040	1.79	50	f
18	Võ Nguyên Giáp	3	0102000020E610000039000000838AAA5FE90F5B403961C26856163040B34291EEE70F5B406B47718E3A163040CD203EB0E30F5B40459C4EB2D515304004CAA65CE10F5B40A3E5400FB515304004CAA65CE10F5B40A3E5400FB5153040137CD3F4D90F5B40A034D428241530402FA52E19C70F5B4016F9F5436C1430405796E82CB30F5B40FB5A971AA113304058FE7C5BB00F5B408B6D52D15813304093E2E313B20F5B406D1ADB6B41133040535BEA20AF0F5B40EDBB22F8DF12304064AC36FFAF0F5B40D1CB28965B123040520DFB3DB10F5B401F4DF564FE11304016DBA4A2B10F5B4000E48409A3113040E04BE141B30F5B40B728B34126113040EA77616BB60F5B40976F7D586F103040747E8AE3C00F5B40BEA1F0D93A103040AE484C50C30F5B4084807C0915103040A723809BC50F5B40FCFCF7E0B50F30406500A8E2C60F5B4053CA6B25740F30400F0A4AD1CA0F5B40B1E07EC0030F30400E881057CE0F5B4031CD74AF930E30409B92ACC3D10F5B40C7B94DB8570E304084BBB376DB0F5B4054E6E61BD10D3040B325AB22DC0F5B4092CB7F48BF0D304021C9ACDEE10F5B407B87DBA1610D3040473EAF78EA0F5B4001F73C7FDA0C3040F6B6990AF10F5B40BFB7E9CF7E0C3040B8CEBF5DF60F5B406AD95A5F240C304075914259F80F5B40EEEC2B0FD20B3040BD3AC780EC0F5B4024B4E55C8A0B3040CFA2772AE00F5B4094DDCCE8470B3040A75D4C33DD0F5B40904E5DF92C0B30408D7F9F71E10F5B401E335019FF0A304087F9F202EC0F5B4015FF7744850A3040C780ECF5EE0F5B40973B33C1700A3040E9D495CFF20F5B40577A6D36560A30406B65C22FF50F5B40D8B628B3410A304087FC3383F80F5B4088BEBB95250A30404A7CEE04FB0F5B40F75B3B51120A3040B96DDFA3FE0F5B4070EEAF1EF709304046787B1002105B40E3C3EC65DB093040FEB4519D0E105B40607825C9730930401FBE4C1421105B401BBB44F5D6083040FF3C0D1824105B40DBF97E6ABC083040067FBF982D105B40C53A55BE670830405F622CD32F105B4058AEB7CD54083040E868554B3A105B40DA3C0E83F90730405B7B9FAA42105B40D6390664AF0730405186AA984A105B40F1D4230D6E07304048F949B54F105B408B33863941073040170D198F52105B4032AEB8382A0730407E8B4E965A105B4002486DE2E40630408CBE823463105B4048C153C895063040B3B5BE4868105B403F58C6866E06304029CFBC1C76105B407E384888F205304005FC1A4982105B4011E15F048D053040	7.7	80	f
24	Trường Sa	4	0102000020E6100000320000004CA8E0F082105B404C8E3BA58305304094DC611399105B4061E28FA2CE043040F853E3A59B105B40E5EE737CB4043040855E7F129F105B40EAEC64709404304035289A07B0105B40A27C410B090430403997E2AAB2105B4024B9FC87F4033040F8DEDFA0BD105B4086C613419C0330403DBB7CEBC3105B4088BA0F406A033040E4F4F57CCD105B40E1D231E7190330405B5CE333D9105B400E4E44BFB6023040E3C3EC65DB105B4041B96DDFA3023040CD069964E4105B40F04C68925802304083BEF4F6E7105B40249BABE63902304094DBF63DEA105B40F24064912602304073F22213F0105B407B681F2BF801304066101FD8F1105B40AC0320EEEA013040FF7A8505F7105B402D060FD3BE013040939048DBF8105B402BFC19DEAC013040242713B70A115B407784D38217013040272EC72B10115B40C4793881E9003040BAF59A1E14115B404E266E15C4003040ACC5A70018115B4056D7A19A920030401CD13DEB1A115B40FFE7305F5E003040273108AC1C115B4036CCD07822003040F792C6681D115B4062F54718060030409D47C5FF1D115B4028B7ED7BD4FF2F409D47C5FF1D115B4028B7ED7BD4FF2F4085EB51B81E115B40904E5DF92CFF2F40FAB31F2922115B405951836918FE2F40821B295B24115B4001C0B167CFFD2F407C61325530115B40CF108E59F6FC2F40C87C40A033115B4022C32ADEC8FC2F4001F9122A38115B407BF8325184FC2F409F20B1DD3D115B401BBD1AA034FC2F406325E65949115B400EDDEC0F94FB2F407442E8A04B115B40001FBC7669FB2F40E8D9ACFA5C115B40707841446AFA2F40A3CC069964115B40857AFA08FCF92F40EEB3CA4C69115B405801BEDBBCF92F40077B134372115B40CB86359545F92F400377A04E79115B407C2B1213D4F82F406DAB59677C115B404CFF9254A6F82F40E7FC14C781115B4013EF004F5AF82F40E54691B586115B406667D13B15F82F401C412AC58E115B4083F6EAE3A1F72F407B6649809A115B4088307E1AF7F62F406E50FBAD9D115B40C11E1329CDF62F404BCB48BDA7115B40429770E82DF62F408313D1AFAD115B408978EBFCDBF52F40618E1EBFB7115B40C91EA16648F52F40	5.18	60	f
25	Võ Chí Công	4	0102000020E6100000100000001F477364E50D5B407A724D81CC023040DCF5D214010E5B408DB5BFB33D023040F3203D450E0E5B40A7E8482EFF013040F3203D450E0E5B40A7E8482EFF013040043752B6480E5B40821B295B24013040289B7285770E5B402593533BC3003040DB87BCE5EA0E5B407EFFE6C589FF2F405D6C5A29040F5B401A4F04711EFE2F407CF31B261A0F5B40B6D8EDB3CAFC2F400247020D360F5B40ADA1D45E44FB2F4082A966D6520F5B409C6ED921FEF92F40763579CA6A0F5B40684128EFE3F82F40923D42CD900F5B40A0C4E74EB0F72F40365B79C9FF0F5B40B14D2A1A6BF72F40053411363C105B400C01C0B167F72F4082ACA7565F105B4084656CE866F72F40	5.57	80	f
28	Phan Đình Phùng	4	0102000020E610000007000000018750A5660E5B402942EA76F611304086E464E2560E5B409DD66D50FB11304054A703594F0E5B4071732A1900123040431F2C63430E5B40999EB0C403123040795DBF60370E5B4002B9C491071230407AC2120F280E5B4030A182C30B1230407A71E2AB1D0E5B404C5299620E123040	0.48	50	f
3	Trần Phú	1	0102000020E610000019000000522096FA470E5B40545DAC58B90F30400F344B2E490E5B40ECB0CF4DDD0F30402F743E474A0E5B4056EDD3E206103040526B728C4B0E5B40879C39A534103040B6BD68824C0E5B40BF82699955103040D701D0FC4D0E5B400B0F7B07A0103040B6C7930E500E5B404796966FEE1030409B8A9EF1500E5B40C4C01AF50F113040FC506203530E5B408022DEBF6511304008E14D16530E5B4063783674671130408162AAAD530E5B4061C2F4CD8D1130408CC7E84D550E5B40BC663CF0C0113040AB5A8D8F560E5B40DF9BEE0CDF113040189C3BDB560E5B408B2B8C2CFB113040E38AF330560E5B40ACE9785A2612304051733929530E5B407BE213A79F1230407E39A8FB4F0E5B404F9031E20B1330409394BB0F4E0E5B40B5DEFB7A511330409D5FE3104C0E5B40ECCA31FA76133040BE1E35C54B0E5B4051A2D7ED97133040D02652E3480E5B40F5E121ECE21330402DBF5A14460E5B40F7EECB9237143040DC556345430E5B40A72105B69A1430405EDEDCFA400E5B40C7399DFFE314304076A64BCD3D0E5B40CDE2002415153040	2.34	60	f
2	Bạch Đằng	1	0102000020E610000015000000E0A52FDF550E5B401BBD7559A70F3040B7FEA72C540E5B40B7E1C160481030408E5DFD335E0E5B40CB69AA82AC10304040D1860D600E5B400A455FE6E01030407E2FCF94670E5B408F28FE3916113040B3A15170670E5B409559CEEF451130405A14D10A670E5B40234C512E8D113040994A3FE16C0E5B408074FBF6BF113040E92ADD5D670E5B4051BD35B0551230400778D2C2650E5B409B90D61874123040F2D1E28C610E5B40A0353FFED21230400DFE7E315B0E5B406A847EA65E133040B0912408570E5B409737876BB51330403F389F3A560E5B4035D3BD4EEA133040226DE34F540E5B40E8FA3E1C24143040A0A86C58530E5B408C81751C3F143040AC70CB47520E5B40EEEA5564741430403C31EBC5500E5B40DD274701A2143040EFE192E34E0E5B402905DD5ED2143040D76839D0430E5B408E5BCCCF0D1530409EEC66463F0E5B4095BA641C23153040	2.46	50	f
20	Ngô Quyền	3	0102000020E6100000330000005DF8C1F9D40F5B40BBD23252EF193040F1D6F9B7CB0F5B4000C79E3D97193040990D32C9C80F5B402B8881AE7D19304088D68A36C70F5B40DB148F8B6A193040CB4752D2C30F5B40855FEAE74D193040FC19DEACC10F5B40AD50A4FB39193040C98E8D40BC0F5B40F0332E1C0819304056629E95B40F5B400055DCB8C51830409B3BFA5FAE0F5B40C59107228B1830400ADCBA9BA70F5B400E15E3FC4D1830402E1A321EA50F5B408BFCFA2136183040B0592E1B9D0F5B402C465D6BEF17304000C79E3D970F5B408FAA2688BA17304014CE6E2D930F5B400C923EADA217304010AD156D8E0F5B406939D0436D1730406B4606B98B0F5B4068976F7D5817304024B4E55C8A0F5B40ECC039234A1730401F115322890F5B406308008E3D1730401F115322890F5B406308008E3D17304066A032FE7D0F5B400DA5F622DA163040BCB0355B790F5B4096CCB1BCAB16304002F22554700F5B403AE63C635F16304064ADA1D45E0F5B40E1CFF0660D16304042B456B4390F5B4098DA520779153040D6A9F23D230F5B40FD4FFEEE1D153040C100C287120F5B4081E84999D4143040A4E4D539060F5B407CB779E3A4143040925CFE43FA0E5B402E724F57771430404F029B73F00E5B4007F016485014304025EA059FE60E5B40F4DC4257221430404F948444DA0E5B40D192C7D3F2133040486C770FD00E5B4075E61E12BE13304002284696CC0E5B40B2632310AF133040A587A1D5C90E5B402BF697DD9313304072FC5069C40E5B40CF2C0950531330409DF7FF71C20E5B40B324404D2D1330403E3DB665C00E5B40CCEF3499F1123040D11E2FA4C30E5B40812381069B1230401D2098A3C70E5B40FD4B5299621230406F46CD57C90E5B403657CD7344123040BE6BD097DE0E5B4022C154336B113040D8666325E60E5B401B4CC3F011113040335184D4ED0E5B4038F8C264AA1030401C60E63BF80E5B40F4BF5C8B161030403EB48F15FC0E5B40728A8EE4F20F30405F0839EFFF0E5B4094675E0EBB0F30405F0839EFFF0E5B4094675E0EBB0F30409B3DD00A0C0F5B40806264C91C0F3040075F984C150F5B40F0FACC599F0E30401901158E200F5B401475E61E120E304099F56228270F5B408FDE701FB90D3040	5.97	50	f
16	Núi Thành	2	0102000020E61000003A000000D7A6B1BD160E5B40DCF5D214010E3040E22021CA170E5B40C89750C1E10D30408EACFC32180E5B40CF9F36AAD30D30407C2766BD180E5B40621399B9C00D3040CF81E508190E5B40D1CDFE40B90D3040B83F170D190E5B40DE921CB0AB0D30407636E49F190E5B40D2FBC6D79E0D304081B053AC1A0E5B4046B41D53770D3040228E75711B0E5B403EEDF0D7640D30407AA52C431C0E5B40F0C4AC17430D30405D8C81751C0E5B40C2DCEEE53E0D3040806264C91C0E5B408EB27E33310D3040271763601D0E5B40F06DFAB31F0D30407F2E1A321E0E5B40CA703C9F010D30406DA983BC1E0E5B4003999D45EF0C3040B45549641F0E5B404DF8A57EDE0C30400E87A5811F0E5B4039D4EFC2D60C30405419C6DD200E5B401135D1E7A30C3040259529E6200E5B40F9BB77D4980C304095D40968220E5B40D7D9907F660C3040527DE717250E5B408505F7031E0C30406F62484E260E5B40662D05A4FD0B30404B72C0AE260E5B40DB6AD619DF0B3040E0A128D0270E5B40508BC1C3B40B304015C95702290E5B4001FBE8D4950B3040389F3A56290E5B408BE1EA00880B30405C751DAA290E5B40F1F109D9790B30400ED8D5E4290E5B40AD156D8E730B30402CD7DB662A0E5B405C3AE63C630B3040EACDA8F92A0E5B405FED28CE510B30407369FCC22B0E5B40A8C7B60C380B3040B43EE5982C0E5B408CDCD3D51D0B304084A0A3552D0E5B40BDC282FB010B3040D12346CF2D0E5B4048A98427F40A30407DAF21382E0E5B40BB9BA73AE40A3040D009A1832E0E5B40C13BF9F4D80A3040E25AED612F0E5B40F5F1D077B70A30405E488787300E5B4078B306EFAB0A3040BC02D193320E5B403C889D29740A304087A757CA320E5B40D7A546E8670A30409EB5DB2E340E5B4016342DB1320A304032FFE89B340E5B40A680B4FF010A3040F1F5B52E350E5B409DB98784EF0930407F68E6C9350E5B4069723106D6093040CCEB8843360E5B404AD40B3ECD093040A20A7F86370E5B405CFFAECF9C09304007B64AB0380E5B403F8F519E79093040AD6A4947390E5B4040DAFF006B093040EE3F321D3A0E5B4009A69A594B093040D026874F3A0E5B40F581E49D43093040FAB9A1293B0E5B408670CCB227093040404CC2853C0E5B400B60CAC001093040B1A547533D0E5B402FFCE07CEA0830409372F7393E0E5B40BF823463D10830403FFED2A23E0E5B405B087250C20830407AE2395B400E5B40F99E91088D083040685DA3E5400E5B40EE073C3080083040CD22145B410E5B409D2CB5DE6F083040	2.44	50	f
21	Hoàng Sa	3	0102000020E61000004F0000002EE23B31EB0F5B40C4060B276916304049111956F10F5B4015562AA8A81630403C4CFBE6FE0F5B40E95F92CA1417304059FD118601105B404260E5D022173040FD497CEE04105B406DFDF49F35173040A7052FFA0A105B403D9CC0745A1730402D05A4FD0F105B406C43C5387F173040ADF9F19716105B40A01B9AB2D31730409929ADBF25105B40569DD5027B183040EAB303AE2B105B408461C092AB183040A7CD380D51105B402176A6D079193040CD902A8A57105B401A8BA6B39319304086E7A56263105B405801BEDBBC1930401B9FC9FE79105B40A663CE33F61930405FB87361A4105B40821E6ADB301A304023DDCF29C8105B4075594C6C3E1A30409C1727BEDA105B40F6B2EDB4351A3040616D8C9DF0105B40C845B588281A30403F1C2444F9105B4089CF9D60FF1930403F1C2444F9105B4089CF9D60FF19304034F3E49A02115B401FBC7669C31930402DEBFEB110115B407FA2B2614D1930400F09DFFB1B115B40ADDC0BCC0A193040177FDB1324115B4098F90E7EE2183040177FDB1324115B4098F90E7EE2183040177FDB1324115B4098F90E7EE2183040401878EE3D115B4050FBAD9D28193040401878EE3D115B4050FBAD9D28193040E751F17F47115B4085402E71E4193040E751F17F47115B4085402E71E4193040E751F17F47115B4085402E71E4193040261C7A8B87115B40C03FA54A94193040FC8EE1B19F115B40922232ACE21930400305DEC9A7115B40102219726C1930403815A930B6115B401631EC30261930405F43705CC6115B40BBB7223141193040758E01D9EB115B4082380F2730193040DD43C2F7FE115B40D0B7054B75193040800BB265F9115B40F5F3A622151A30405B99F04BFD115B40780C8FFD2C1A3040BAA46ABB09125B40B6BC72BD6D1A30403430F2B226125B40419C8713981A3040C5AC174339125B404A29E8F6921A30404E61A5828A125B40AC8BDB68001B304037E15E99B7125B4032E884D0411B30403735D07CCE125B4043C879FF1F1B30400DC2DCEEE5125B40BAA0BE654E1B304034A2B437F8125B40834F73F2221B3040D1B2EE1F0B135B40AF264F594D1B30405F45460724135B40E57E87A2401B3040CFBEF2203D135B4072C119FCFD1A30400C90680245135B403B191C25AF1A3040D1949D7E50135B4055867137881A3040D1949D7E50135B4055867137881A30407A56D28A6F135B40A75CE15D2E1A30404739984D80135B40371AC05B20193040AF0B3F389F135B4017D34CF73A1930402522FC8BA0135B401781B1BE81193040986BD102B4135B40D9B11188D71930402C8194D8B5135B40A298BC01661A30402F8507CDAE135B40904946CEC21A3040C0E78711C2135B40815EB873611C3040F65CA626C1135B40C03C64CA871C3040F65CA626C1135B40C03C64CA871C3040344B02D4D4135B40555051F52B1D3040344B02D4D4135B40555051F52B1D3040922232ACE2135B40083E062B4E1D30408F6CAE9AE7135B40334FAE29901D304037894160E5135B40C442AD69DE1D30406ADD06B5DF135B40D0EFFB372F1E30407C48F8DEDF135B40D520CCED5E1E3040A5DB12B9E0135B40919BE1067C1E3040D124B1A4DC135B40014F5AB8AC1E30404DF8A57EDE135B40213D450E111F30406DC7D45DD9135B40984F560C571F3040E23E726BD2135B408F19A88C7F1F3040C2A6CEA3E2135B4050E27327D81F30401A8A3BDEE4135B405DFE43FAED1F304021956247E3135B40A301BC0512203040	12.35	60	f
35	Cách Mạng Tháng 8	6	0102000020E6100000260000002B3983A4160E5B40DBE594599E063040ACA785BC0D0E5B40D754EF268C06304056FBB55EF50D5B404BF71F435A0630401BFB5536D80D5B40756D679C1706304082FB55B2D40D5B40A89A14021006304091A5BDA5C50D5B40498C72CAEC0530408B433ABDAA0D5B40D37677BBAA0530400A357885A40D5B40A15708CF95053040CC34D82E9B0D5B40C823CB7E78053040CB3458FC980D5B401F42B76972053040AD34D87D970D5B40831D67836D05304027145AB38C0D5B403212F1484C05304023147A3D880D5B405024E3303F0530402C145A9D840D5B409023647D36053040FC131A49820D5B40CCC76FD430053040EE133A3B7F0D5B407665717728053040BC13BADB7C0D5B406648B89F210530404B82BD7A4D0D5B40DEBAF02BCC043040F99A585D480D5B404ECB94B5BF043040DB9A78E4460D5B40BC09623BBB04304026D2B667360D5B4015C0D34290043040549C45862B0D5B40924EEAB1750430402F9CA5BE290D5B40D1229A2572043040D1A2DC5D1A0D5B407CEC35165C04304095A2FC7C170D5B4037ADA70B59043040BC0239E9050D5B406C22C07D42043040500239D0000D5B40AB4365EA3C043040231FCAF8EA0C5B40EB8404DE0F043040F11E0A8EE80C5B40EFA7E5C8090430400B966047D00C5B404B86870BCF033040DB9560FECD0C5B40C1E9AE7BCA033040CFCC4272B60C5B4057D55DA39B033040A1CC6245B40C5B401A2D2C839803304054CDA2E6A50C5B408C91DFA790033040149DD22C8C0C5B40DAB987CF9B033040DA9CB26D890C5B4059588F299D033040079D9200800C5B4068EFC049A0033040A5EEB450650C5B40E83BC366A4033040	3.19	60	f
39	Lý Thái Tổ	6	0102000020E61000000B000000F81F73D7740D5B40CFC12F7C09113040CCE4E4C16E0D5B40B8041A8B05113040058D391A6A0D5B4099152CF801113040A68E999E670D5B400DACFD720011304007EE078C610D5B40BF3DFB45FC103040BAEE377B600D5B408873564DFB103040D26A2928590D5B40BB62CF9DF610304076CC04D5530D5B402EC383A2F4103040A832C6BE4A0D5B40631F7F76F1103040DF32F6F9480D5B40787594FFF0103040B10F9BEF3C0D5B402C115336EE103040	0.37	50	f
17	Châu Thị Vĩnh Tế	2	0102000020E610000013000000C64E78094E0F5B409BAF928FDD0D30409B1F7F69510F5B40959BA8A5B90D30405BE9B5D9580F5B400ED76A0F7B0D3040603E59315C0F5B40F2CEA10C550D3040BEF8A23D5E0F5B4070B6B9313D0D304058E542E55F0F5B4058207A52260D304033C170AE610F5B402E5393E00D0D30406EA5D766630F5B40450DA661F80C304096EA025E660F5B407C2B1213D40C3040016DAB59670F5B40116F9D7FBB0C3040A56B26DF6C0F5B409607E929720C304068EBE0606F0F5B40A0C211A4520C30404F5B2382710F5B406269E047350C3040D55A9885760F5B407F6C921FF10B3040CF691668770F5B4097AB1F9BE40B30400491459A780F5B4064E94317D40B30400F0BB5A6790F5B405952EE3EC70B3040B5A50EF27A0F5B407FDB1324B60B3040AE9AE7887C0F5B402B137EA99F0B3040	1.02	40	f
22	Lê Văn Duyệt	3	0102000020E610000011000000139ED0EB4F0E5B40A148F7730A1A304000FF942A510E5B402638F581E41930404BE658DE550E5B4082ACA7565F1930400E32C9C8590E5B40CD069964E4183040D1B1834A5C0E5B40A8E0F082881830401B4B581B630E5B40AD4D637B2D183040F1BA7EC16E0E5B406EA46C91B417304088DA368C820E5B40246420CF2E1730408EE89E758D0E5B407FA31D37FC16304014CE6E2D930E5B4042CF66D5E7163040350873BB970E5B40BCE6559DD5163040999CDA19A60E5B40FB743C66A0163040503A9160AA0E5B40D847A7AE7C163040A81DFE9AAC0E5B40ECF7C43A55163040E9F2E670AD0E5B408A8EE4F21F163040BE11DDB3AE0E5B4020D26F5F071630402E03CE52B20E5B401A1538D906163040	1.93	50	f
38	Vũ Hữu Lợi	6	0102000020E61000000A000000DD820F4191105B404893F3B812F82F408A898DED92105B40C58FC90951F82F406E89BD1793105B405611D94656F82F406C36C10495105B40FD0D89BA92F82F407C36212C95105B405195008F98F82F4014EA53DF96105B406290E732D1F82F40EFE9931797105B40A02C5E07D7F82F40738F41A998105B4077F2271711F92F40237479BE99105B40960AD4AA3AF92F403112FAFD9B105B40EAD866FA8EF92F40	0.33	40	f
45	Cầu Rồng	1	0102000020E61000000500000045A5E6B8CD0E5B401A3018DAB50F3040C28BC181BD0E5B40D74A75C3B30F3040BC0108E9A90E5B40A3665632B20F3040671BE434600E5B40E0388C57A80F304094440BE6560E5B409DC831E7A60F3040	0.78	50	f
46	Cầu Sông Hàn	1	0102000020E6100000080000000281B09BC10E5B40AC8998059F1230407CDF2F1ABB0E5B4071F22CE09B123040E7DFFF98B70E5B40378C8B749812304047E1AF28B40E5B40ECA0B14D93123040014418F1A50E5B400F197F778A123040FFD169C29D0E5B40ECCFE87F841230401B88B8136B0E5B4008F710DD691230401596B4F2560E5B408889DFB660123040	0.7	40	t
\.


--
-- Data for Name: system_config; Type: TABLE DATA; Schema: public; Owner: -
--

COPY public.system_config (key, value, updated_by, updated_at) FROM stdin;
\.


--
-- Data for Name: traffic_data; Type: TABLE DATA; Schema: public; Owner: -
--

COPY public.traffic_data (id, street_id, "timestamp", avg_speed, congestion_level, source, segment_idx) FROM stdin;
21102	5	2026-04-19 22:24:06.68517+00	39	0	tomtom	0
21103	5	2026-04-19 22:24:06.68517+00	38	0	tomtom	1
21104	5	2026-04-19 22:24:06.68517+00	39	0	tomtom	2
21105	31	2026-04-19 22:24:06.68517+00	47	0	tomtom	0
21106	27	2026-04-19 22:24:06.68517+00	43	0	tomtom	0
21107	27	2026-04-19 22:24:06.68517+00	46	0	tomtom	1
21108	4	2026-04-19 22:24:06.68517+00	39	0	tomtom	0
21109	4	2026-04-19 22:24:06.68517+00	38	0	tomtom	1
21110	4	2026-04-19 22:24:06.68517+00	38	0	tomtom	2
21111	4	2026-04-19 22:24:06.68517+00	39	0	tomtom	3
21112	32	2026-04-19 22:24:06.68517+00	33	0	tomtom	0
21113	32	2026-04-19 22:24:06.68517+00	36	0	tomtom	1
21114	32	2026-04-19 22:24:06.68517+00	33	0	tomtom	2
21115	32	2026-04-19 22:24:06.68517+00	33	0	tomtom	3
21116	6	2026-04-19 22:24:06.68517+00	38	0	tomtom	0
21117	6	2026-04-19 22:24:06.68517+00	38	0	tomtom	1
21118	6	2026-04-19 22:24:06.68517+00	38	0	tomtom	2
21119	6	2026-04-19 22:24:06.68517+00	38	0	tomtom	3
21120	7	2026-04-19 22:24:06.68517+00	49	0	tomtom	0
21121	7	2026-04-19 22:24:06.68517+00	39	0	tomtom	1
21122	7	2026-04-19 22:24:06.68517+00	39	0	tomtom	2
21123	7	2026-04-19 22:24:06.68517+00	39	0	tomtom	3
21124	7	2026-04-19 22:24:06.68517+00	47	0	tomtom	4
21125	7	2026-04-19 22:24:06.68517+00	39	0	tomtom	5
21126	13	2026-04-19 22:24:06.68517+00	49	0	tomtom	0
21127	13	2026-04-19 22:24:06.68517+00	49	0	tomtom	1
21128	13	2026-04-19 22:24:06.68517+00	49	0	tomtom	2
21129	13	2026-04-19 22:24:06.68517+00	47	0	tomtom	3
21130	13	2026-04-19 22:24:06.68517+00	47	0	tomtom	4
21131	13	2026-04-19 22:24:06.68517+00	47	0	tomtom	5
21132	13	2026-04-19 22:24:06.68517+00	45	0	tomtom	6
21133	13	2026-04-19 22:24:06.68517+00	45	0	tomtom	7
21134	14	2026-04-19 22:24:06.68517+00	52	0	tomtom	0
21135	14	2026-04-19 22:24:06.68517+00	52	0	tomtom	1
21136	14	2026-04-19 22:24:06.68517+00	52	0	tomtom	2
21137	14	2026-04-19 22:24:06.68517+00	52	0	tomtom	3
21138	14	2026-04-19 22:24:06.68517+00	52	0	tomtom	4
21139	14	2026-04-19 22:24:06.68517+00	52	0	tomtom	5
21140	14	2026-04-19 22:24:06.68517+00	52	0	tomtom	6
21141	14	2026-04-19 22:24:06.68517+00	52	0	tomtom	7
21142	19	2026-04-19 22:24:06.68517+00	40	0	tomtom	0
21143	19	2026-04-19 22:24:06.68517+00	40	0	tomtom	1
21144	19	2026-04-19 22:24:06.68517+00	40	0	tomtom	2
21145	23	2026-04-19 22:24:06.68517+00	41	0	tomtom	0
21146	23	2026-04-19 22:24:06.68517+00	41	0	tomtom	1
21147	23	2026-04-19 22:24:06.68517+00	41	0	tomtom	2
21148	23	2026-04-19 22:24:06.68517+00	41	0	tomtom	3
21149	23	2026-04-19 22:24:06.68517+00	41	0	tomtom	4
21150	23	2026-04-19 22:24:06.68517+00	41	0	tomtom	5
21151	23	2026-04-19 22:24:06.68517+00	36	0	tomtom	6
21152	23	2026-04-19 22:24:06.68517+00	48	0	tomtom	7
21153	37	2026-04-19 22:24:06.68517+00	38	0	tomtom	0
21154	47	2026-04-19 22:24:06.68517+00	39	0	tomtom	0
21155	47	2026-04-19 22:24:06.68517+00	39	0	tomtom	1
21156	26	2026-04-19 22:24:06.68517+00	44	0	tomtom	0
21157	26	2026-04-19 22:24:06.68517+00	44	0	tomtom	1
21158	26	2026-04-19 22:24:06.68517+00	44	0	tomtom	2
21159	26	2026-04-19 22:24:06.68517+00	44	0	tomtom	3
21160	26	2026-04-19 22:24:06.68517+00	44	0	tomtom	4
21161	26	2026-04-19 22:24:06.68517+00	44	0	tomtom	5
21162	26	2026-04-19 22:24:06.68517+00	46	0	tomtom	6
21163	30	2026-04-19 22:24:06.68517+00	33	0	tomtom	0
21164	30	2026-04-19 22:24:06.68517+00	33	0	tomtom	1
21165	30	2026-04-19 22:24:06.68517+00	33	0	tomtom	2
21166	30	2026-04-19 22:24:06.68517+00	33	0	tomtom	3
21167	30	2026-04-19 22:24:06.68517+00	33	0	tomtom	4
21168	43	2026-04-19 22:24:06.68517+00	52	0	tomtom	0
21169	43	2026-04-19 22:24:06.68517+00	52	0	tomtom	1
21170	43	2026-04-19 22:24:06.68517+00	33	0	tomtom	2
21171	43	2026-04-19 22:24:06.68517+00	33	0	tomtom	3
21172	43	2026-04-19 22:24:06.68517+00	33	0	tomtom	4
21173	43	2026-04-19 22:24:06.68517+00	33	0	tomtom	5
21174	43	2026-04-19 22:24:06.68517+00	33	0	tomtom	6
21175	48	2026-04-19 22:24:06.68517+00	25	0	tomtom	0
21176	48	2026-04-19 22:24:06.68517+00	39	0	tomtom	1
21177	49	2026-04-19 22:24:06.68517+00	40	0	tomtom	0
21178	49	2026-04-19 22:24:06.68517+00	40	0	tomtom	1
21179	49	2026-04-19 22:24:06.68517+00	37	0	tomtom	2
21180	49	2026-04-19 22:24:06.68517+00	39	0	tomtom	3
21181	49	2026-04-19 22:24:06.68517+00	40	0	tomtom	4
21182	49	2026-04-19 22:24:06.68517+00	40	0	tomtom	5
21183	10	2026-04-19 22:24:06.68517+00	31	0	tomtom	0
21184	50	2026-04-19 22:24:06.68517+00	47	0	tomtom	0
21185	50	2026-04-19 22:24:06.68517+00	47	0	tomtom	1
21186	50	2026-04-19 22:24:06.68517+00	47	0	tomtom	2
21187	50	2026-04-19 22:24:06.68517+00	36	0	tomtom	3
21188	50	2026-04-19 22:24:06.68517+00	47	0	tomtom	4
21189	50	2026-04-19 22:24:06.68517+00	39	0	tomtom	5
21190	50	2026-04-19 22:24:06.68517+00	39	0	tomtom	6
21191	50	2026-04-19 22:24:06.68517+00	35	0	tomtom	7
21192	29	2026-04-19 22:24:06.68517+00	37	0	tomtom	0
21193	29	2026-04-19 22:24:06.68517+00	37	0	tomtom	1
21194	29	2026-04-19 22:24:06.68517+00	37	0	tomtom	2
21195	29	2026-04-19 22:24:06.68517+00	37	0	tomtom	3
21196	29	2026-04-19 22:24:06.68517+00	37	0	tomtom	4
21197	29	2026-04-19 22:24:06.68517+00	37	0	tomtom	5
21198	29	2026-04-19 22:24:06.68517+00	45	0	tomtom	6
21199	29	2026-04-19 22:24:06.68517+00	37	0	tomtom	7
21200	34	2026-04-19 22:24:06.68517+00	34	0	tomtom	0
21201	40	2026-04-19 22:24:06.68517+00	48	0	tomtom	0
21202	40	2026-04-19 22:24:06.68517+00	48	0	tomtom	1
21203	40	2026-04-19 22:24:06.68517+00	48	0	tomtom	2
21204	9	2026-04-19 22:24:06.68517+00	33	0	tomtom	0
21205	9	2026-04-19 22:24:06.68517+00	37	0	tomtom	1
21206	9	2026-04-19 22:24:06.68517+00	37	0	tomtom	2
21207	8	2026-04-19 22:24:06.68517+00	31	0	tomtom	0
21208	8	2026-04-19 22:24:06.68517+00	31	0	tomtom	1
21209	8	2026-04-19 22:24:06.68517+00	31	0	tomtom	2
21210	8	2026-04-19 22:24:06.68517+00	31	0	tomtom	3
21211	15	2026-04-19 22:24:06.68517+00	37	0	tomtom	0
21212	15	2026-04-19 22:24:06.68517+00	34	0	tomtom	1
21213	15	2026-04-19 22:24:06.68517+00	37	0	tomtom	2
21214	15	2026-04-19 22:24:06.68517+00	37	0	tomtom	3
21215	15	2026-04-19 22:24:06.68517+00	36.6	0	goong	4
21216	15	2026-04-19 22:24:06.68517+00	37	0	tomtom	5
21217	15	2026-04-19 22:24:06.68517+00	30.6	1	goong	6
21218	11	2026-04-19 22:24:06.68517+00	31	0	tomtom	0
21219	11	2026-04-19 22:24:06.68517+00	31	0	tomtom	1
21220	11	2026-04-19 22:24:06.68517+00	32.8	1	goong	2
21221	11	2026-04-19 22:24:06.68517+00	37	0	tomtom	3
21222	18	2026-04-19 22:24:06.68517+00	34	0	tomtom	0
21223	18	2026-04-19 22:24:06.68517+00	24.1	2	goong	1
21224	18	2026-04-19 22:24:06.68517+00	18	2	goong	2
21225	18	2026-04-19 22:24:06.68517+00	28.4	2	goong	3
21226	18	2026-04-19 22:24:06.68517+00	43	0	tomtom	4
21227	18	2026-04-19 22:24:06.68517+00	17.7	2	goong	5
21228	18	2026-04-19 22:24:06.68517+00	13.2	2	goong	6
21229	18	2026-04-19 22:24:06.68517+00	43	0	tomtom	7
21230	24	2026-04-19 22:24:06.68517+00	43	0	tomtom	0
21231	24	2026-04-19 22:24:06.68517+00	43	0	tomtom	1
21232	24	2026-04-19 22:24:06.68517+00	43	0	tomtom	2
21233	24	2026-04-19 22:24:06.68517+00	27.2	1	goong	3
21234	24	2026-04-19 22:24:06.68517+00	12.9	2	goong	4
21235	24	2026-04-19 22:24:06.68517+00	49	0	tomtom	5
21236	24	2026-04-19 22:24:06.68517+00	14.1	2	goong	6
21237	25	2026-04-19 22:24:06.68517+00	47	0	tomtom	0
21238	25	2026-04-19 22:24:06.68517+00	47	0	tomtom	1
21239	25	2026-04-19 22:24:06.68517+00	29.7	2	goong	2
21240	25	2026-04-19 22:24:06.68517+00	13.2	2	goong	3
21241	25	2026-04-19 22:24:06.68517+00	19.2	2	goong	4
21242	25	2026-04-19 22:24:06.68517+00	33.4	1	goong	5
21243	25	2026-04-19 22:24:06.68517+00	33.4	1	goong	6
21244	25	2026-04-19 22:24:06.68517+00	31.4	2	goong	7
21245	28	2026-04-19 22:24:06.68517+00	32.9	1	goong	0
21246	3	2026-04-19 22:24:06.68517+00	34.1	1	goong	0
21247	3	2026-04-19 22:24:06.68517+00	30.2	1	goong	1
21248	3	2026-04-19 22:24:06.68517+00	31.7	1	goong	2
21249	3	2026-04-19 22:24:06.68517+00	31.5	1	goong	3
21250	3	2026-04-19 22:24:06.68517+00	32.3	1	goong	4
21251	2	2026-04-19 22:24:06.68517+00	32.6	1	goong	0
21252	2	2026-04-19 22:24:06.68517+00	30.3	1	goong	1
21253	2	2026-04-19 22:24:06.68517+00	29.8	1	goong	2
21254	2	2026-04-19 22:24:06.68517+00	31.1	1	goong	3
21255	2	2026-04-19 22:24:06.68517+00	31.7	1	goong	4
21256	20	2026-04-19 22:24:06.68517+00	24.1	1	goong	0
21257	20	2026-04-19 22:24:06.68517+00	25.5	1	goong	1
21258	20	2026-04-19 22:24:06.68517+00	31	1	goong	2
21259	20	2026-04-19 22:24:06.68517+00	27.4	1	goong	3
21260	20	2026-04-19 22:24:06.68517+00	8.5	2	goong	4
21261	20	2026-04-19 22:24:06.68517+00	27.3	1	goong	5
21262	20	2026-04-19 22:24:06.68517+00	28.1	1	goong	6
21263	20	2026-04-19 22:24:06.68517+00	27.7	1	goong	7
21264	16	2026-04-19 22:24:06.68517+00	32.3	1	goong	0
21265	16	2026-04-19 22:24:06.68517+00	25.7	1	goong	1
21266	16	2026-04-19 22:24:06.68517+00	19.5	2	goong	2
21267	16	2026-04-19 22:24:06.68517+00	23.5	1	goong	3
21268	16	2026-04-19 22:24:06.68517+00	27.1	1	goong	4
21269	21	2026-04-19 22:24:06.68517+00	39.1	1	goong	0
21270	21	2026-04-19 22:24:06.68517+00	23.2	2	goong	1
21271	21	2026-04-19 22:24:06.68517+00	22.2	2	goong	2
21272	21	2026-04-19 22:24:06.68517+00	34.9	1	goong	3
21273	21	2026-04-19 22:24:06.68517+00	34.7	1	goong	4
21274	21	2026-04-19 22:24:06.68517+00	34.4	1	goong	5
21275	21	2026-04-19 22:24:06.68517+00	27.2	1	goong	6
21276	21	2026-04-19 22:24:06.68517+00	25.4	1	goong	7
21277	35	2026-04-19 22:24:06.68517+00	26.9	1	goong	0
21278	35	2026-04-19 22:24:06.68517+00	21.6	2	goong	1
21279	35	2026-04-19 22:24:06.68517+00	24.9	1	goong	2
21280	35	2026-04-19 22:24:06.68517+00	30.4	1	goong	3
21281	35	2026-04-19 22:24:06.68517+00	33.7	1	goong	4
21282	35	2026-04-19 22:24:06.68517+00	29.1	1	goong	5
21283	39	2026-04-19 22:24:06.68517+00	30.3	1	goong	0
21284	17	2026-04-19 22:24:06.68517+00	23.7	1	goong	0
21285	17	2026-04-19 22:24:06.68517+00	30	0	goong	1
21286	22	2026-04-19 22:24:06.68517+00	24.7	1	goong	0
21287	22	2026-04-19 22:24:06.68517+00	31.2	1	goong	1
21288	22	2026-04-19 22:24:06.68517+00	31.3	1	goong	2
21289	22	2026-04-19 22:24:06.68517+00	24.1	1	goong	3
21290	38	2026-04-19 22:24:06.68517+00	21.8	1	goong	0
21291	45	2026-04-19 22:24:06.68517+00	35.3	0	goong	0
21292	45	2026-04-19 22:24:06.68517+00	33.6	1	goong	1
21293	46	2026-04-19 22:24:06.68517+00	27	1	goong	0
21294	5	2026-04-19 22:58:32.102552+00	27.6	1	goong	0
21295	5	2026-04-19 22:58:32.102552+00	32.3	1	goong	1
21296	5	2026-04-19 22:58:32.102552+00	31.2	1	goong	2
21297	31	2026-04-19 22:58:32.102552+00	24.3	1	goong	0
21298	27	2026-04-19 22:58:32.102552+00	25	1	goong	0
21299	27	2026-04-19 22:58:32.102552+00	26.9	1	goong	1
21300	4	2026-04-19 22:58:32.102552+00	35.9	1	goong	0
21301	4	2026-04-19 22:58:32.102552+00	29.4	1	goong	1
21302	4	2026-04-19 22:58:32.102552+00	34.2	1	goong	2
21303	4	2026-04-19 22:58:32.102552+00	38.2	1	goong	3
21304	32	2026-04-19 22:58:32.102552+00	34	1	goong	0
21305	32	2026-04-19 22:58:32.102552+00	35.7	1	goong	1
21306	32	2026-04-19 22:58:32.102552+00	30.5	1	goong	2
21307	32	2026-04-19 22:58:32.102552+00	26.6	1	goong	3
21308	6	2026-04-19 22:58:32.102552+00	32.5	1	goong	0
21309	6	2026-04-19 22:58:32.102552+00	37.6	1	goong	1
21310	6	2026-04-19 22:58:32.102552+00	37.8	1	goong	2
21311	6	2026-04-19 22:58:32.102552+00	37.8	1	goong	3
21312	7	2026-04-19 22:58:32.102552+00	25.1	1	goong	0
21313	7	2026-04-19 22:58:32.102552+00	30.7	1	goong	1
21314	7	2026-04-19 22:58:32.102552+00	34.3	1	goong	2
21315	7	2026-04-19 22:58:32.102552+00	37.8	1	goong	3
21316	7	2026-04-19 22:58:32.102552+00	33.5	1	goong	4
21317	7	2026-04-19 22:58:32.102552+00	33.8	1	goong	5
21318	13	2026-04-19 22:58:32.102552+00	23.5	2	goong	0
21319	13	2026-04-19 22:58:32.102552+00	23	2	goong	1
21320	13	2026-04-19 22:58:32.102552+00	29.5	1	goong	2
21321	13	2026-04-19 22:58:32.102552+00	29.2	1	goong	3
21322	13	2026-04-19 22:58:32.102552+00	32.2	1	goong	4
21323	13	2026-04-19 22:58:32.102552+00	29.8	1	goong	5
21324	13	2026-04-19 22:58:32.102552+00	24.5	1	goong	6
21325	13	2026-04-19 22:58:32.102552+00	25.2	1	goong	7
21326	14	2026-04-19 22:58:32.102552+00	27.5	1	goong	0
21327	14	2026-04-19 22:58:32.102552+00	29.5	1	goong	1
21328	14	2026-04-19 22:58:32.102552+00	23.8	2	goong	2
21329	14	2026-04-19 22:58:32.102552+00	23.2	2	goong	3
21330	14	2026-04-19 22:58:32.102552+00	31.8	1	goong	4
21331	14	2026-04-19 22:58:32.102552+00	30.4	1	goong	5
21332	14	2026-04-19 22:58:32.102552+00	32.5	1	goong	6
21333	14	2026-04-19 22:58:32.102552+00	28.7	1	goong	7
21334	19	2026-04-19 22:58:32.102552+00	31.9	1	goong	0
21335	19	2026-04-19 22:58:32.102552+00	30	1	goong	1
21336	19	2026-04-19 22:58:32.102552+00	27.9	1	goong	2
21337	23	2026-04-19 22:58:32.102552+00	24.2	1	goong	0
21338	23	2026-04-19 22:58:32.102552+00	21.6	1	goong	1
21339	23	2026-04-19 22:58:32.102552+00	26.6	1	goong	2
21340	23	2026-04-19 22:58:32.102552+00	26.2	1	goong	3
21341	23	2026-04-19 22:58:32.102552+00	31.4	1	goong	4
21342	23	2026-04-19 22:58:32.102552+00	31.7	1	goong	5
21343	23	2026-04-19 22:58:32.102552+00	24.9	1	goong	6
21344	23	2026-04-19 22:58:32.102552+00	26.4	1	goong	7
21345	37	2026-04-19 22:58:32.102552+00	23.6	1	goong	0
21346	47	2026-04-19 22:58:32.102552+00	31.2	1	goong	0
21347	47	2026-04-19 22:58:32.102552+00	34.1	1	goong	1
21348	26	2026-04-19 22:58:32.102552+00	16.3	2	goong	0
21349	26	2026-04-19 22:58:32.102552+00	31.6	1	goong	1
21350	26	2026-04-19 22:58:32.102552+00	36	0	tomtom	2
21351	26	2026-04-19 22:58:32.102552+00	26.8	1	goong	3
21352	26	2026-04-19 22:58:32.102552+00	25.9	1	goong	4
21353	26	2026-04-19 22:58:32.102552+00	22.2	2	goong	5
21354	26	2026-04-19 22:58:32.102552+00	18.3	2	goong	6
21355	30	2026-04-19 22:58:32.102552+00	33	1	goong	0
21356	30	2026-04-19 22:58:32.102552+00	23.6	1	goong	1
21357	30	2026-04-19 22:58:32.102552+00	22.1	1	goong	2
21358	30	2026-04-19 22:58:32.102552+00	26.6	1	goong	3
21359	30	2026-04-19 22:58:32.102552+00	26.5	1	goong	4
21360	43	2026-04-19 22:58:32.102552+00	25.1	1	goong	0
21361	43	2026-04-19 22:58:32.102552+00	16.7	2	goong	1
21362	43	2026-04-19 22:58:32.102552+00	20.6	1	goong	2
21363	43	2026-04-19 22:58:32.102552+00	21.3	1	goong	3
21364	43	2026-04-19 22:58:32.102552+00	24.7	1	goong	4
21365	43	2026-04-19 22:58:32.102552+00	20.1	1	goong	5
21366	43	2026-04-19 22:58:32.102552+00	19	2	goong	6
21367	48	2026-04-19 22:58:32.102552+00	29.3	1	goong	0
21368	48	2026-04-19 22:58:32.102552+00	30.6	1	goong	1
21369	49	2026-04-19 22:58:32.102552+00	25.4	1	goong	0
21370	49	2026-04-19 22:58:32.102552+00	19.4	2	goong	1
21371	49	2026-04-19 22:58:32.102552+00	24.7	1	goong	2
21372	49	2026-04-19 22:58:32.102552+00	37.5	1	goong	3
21373	49	2026-04-19 22:58:32.102552+00	33.7	1	goong	4
21374	49	2026-04-19 22:58:32.102552+00	37.6	1	goong	5
21375	10	2026-04-19 22:58:32.102552+00	28.3	1	goong	0
21376	50	2026-04-19 22:58:32.102552+00	22.5	2	goong	0
21377	50	2026-04-19 22:58:32.102552+00	29.1	1	goong	1
21378	50	2026-04-19 22:58:32.102552+00	33.8	1	goong	2
21379	50	2026-04-19 22:58:32.102552+00	31.4	1	goong	3
21380	50	2026-04-19 22:58:32.102552+00	19.7	2	goong	4
21381	50	2026-04-19 22:58:32.102552+00	26.2	1	goong	5
21382	50	2026-04-19 22:58:32.102552+00	18.8	2	goong	6
21383	50	2026-04-19 22:58:32.102552+00	28.5	1	goong	7
21384	29	2026-04-19 22:58:32.102552+00	25.8	1	goong	0
21385	29	2026-04-19 22:58:32.102552+00	5.8	2	goong	1
21386	29	2026-04-19 22:58:32.102552+00	25.1	1	goong	2
21387	29	2026-04-19 22:58:32.102552+00	30.9	1	goong	3
21388	29	2026-04-19 22:58:32.102552+00	21.9	2	goong	4
21389	29	2026-04-19 22:58:32.102552+00	39.3	1	goong	5
21390	29	2026-04-19 22:58:32.102552+00	32.7	1	goong	6
21391	29	2026-04-19 22:58:32.102552+00	21.3	2	goong	7
21392	34	2026-04-19 22:58:32.102552+00	22.7	1	goong	0
21393	40	2026-04-19 22:58:32.102552+00	34.3	1	goong	0
21394	40	2026-04-19 22:58:32.102552+00	34.8	1	goong	1
21395	40	2026-04-19 22:58:32.102552+00	34.1	1	goong	2
21396	9	2026-04-19 22:58:32.102552+00	24.5	1	goong	0
21397	9	2026-04-19 22:58:32.102552+00	26	1	goong	1
21398	9	2026-04-19 22:58:32.102552+00	31.4	1	goong	2
21399	8	2026-04-19 22:58:32.102552+00	24.7	1	goong	0
21400	8	2026-04-19 22:58:32.102552+00	32.7	1	goong	1
21401	8	2026-04-19 22:58:32.102552+00	28.2	1	goong	2
21402	8	2026-04-19 22:58:32.102552+00	23.9	1	goong	3
21403	15	2026-04-19 22:58:32.102552+00	17.8	2	goong	0
21404	15	2026-04-19 22:58:32.102552+00	25.6	1	goong	1
21405	15	2026-04-19 22:58:32.102552+00	22.6	1	goong	2
21406	15	2026-04-19 22:58:32.102552+00	21.4	1	goong	3
21407	15	2026-04-19 22:58:32.102552+00	36.6	0	goong	4
21408	15	2026-04-19 22:58:32.102552+00	30.1	1	goong	5
21409	15	2026-04-19 22:58:32.102552+00	30.6	1	goong	6
21410	11	2026-04-19 22:58:32.102552+00	24.9	1	goong	0
21411	11	2026-04-19 22:58:32.102552+00	18.8	2	goong	1
21412	11	2026-04-19 22:58:32.102552+00	32.8	1	goong	2
21413	11	2026-04-19 22:58:32.102552+00	24.4	1	goong	3
21414	18	2026-04-19 22:58:32.102552+00	24.4	2	goong	0
21415	18	2026-04-19 22:58:32.102552+00	24.1	2	goong	1
21416	18	2026-04-19 22:58:32.102552+00	18	2	goong	2
21417	18	2026-04-19 22:58:32.102552+00	28.4	2	goong	3
21418	18	2026-04-19 22:58:32.102552+00	14.9	2	goong	4
21419	18	2026-04-19 22:58:32.102552+00	17.7	2	goong	5
21420	18	2026-04-19 22:58:32.102552+00	13.2	2	goong	6
21421	18	2026-04-19 22:58:32.102552+00	29.7	2	goong	7
21422	24	2026-04-19 22:58:32.102552+00	27.1	1	goong	0
21423	24	2026-04-19 22:58:32.102552+00	15.8	2	goong	1
21424	24	2026-04-19 22:58:32.102552+00	27.5	1	goong	2
21425	24	2026-04-19 22:58:32.102552+00	27.2	1	goong	3
21426	24	2026-04-19 22:58:32.102552+00	12.9	2	goong	4
21427	24	2026-04-19 22:58:32.102552+00	26.1	1	goong	5
21428	24	2026-04-19 22:58:32.102552+00	14.1	2	goong	6
21429	25	2026-04-19 22:58:32.102552+00	29.2	2	goong	0
21430	25	2026-04-19 22:58:32.102552+00	25	2	goong	1
21431	25	2026-04-19 22:58:32.102552+00	29.7	2	goong	2
21432	25	2026-04-19 22:58:32.102552+00	13.2	2	goong	3
21433	25	2026-04-19 22:58:32.102552+00	19.2	2	goong	4
21434	25	2026-04-19 22:58:32.102552+00	33.4	1	goong	5
21435	25	2026-04-19 22:58:32.102552+00	33.4	1	goong	6
21436	25	2026-04-19 22:58:32.102552+00	31.4	2	goong	7
21437	28	2026-04-19 22:58:32.102552+00	32.9	1	goong	0
21438	3	2026-04-19 22:58:32.102552+00	34.1	1	goong	0
21439	3	2026-04-19 22:58:32.102552+00	30.2	1	goong	1
21440	3	2026-04-19 22:58:32.102552+00	31.7	1	goong	2
21441	3	2026-04-19 22:58:32.102552+00	31.5	1	goong	3
21442	3	2026-04-19 22:58:32.102552+00	32.3	1	goong	4
21443	2	2026-04-19 22:58:32.102552+00	32.6	1	goong	0
21444	2	2026-04-19 22:58:32.102552+00	30.3	1	goong	1
21445	2	2026-04-19 22:58:32.102552+00	29.8	1	goong	2
21446	2	2026-04-19 22:58:32.102552+00	31.1	1	goong	3
21447	2	2026-04-19 22:58:32.102552+00	31.7	1	goong	4
21448	20	2026-04-19 22:58:32.102552+00	24.1	1	goong	0
21449	20	2026-04-19 22:58:32.102552+00	25.5	1	goong	1
21450	20	2026-04-19 22:58:32.102552+00	31	1	goong	2
21451	20	2026-04-19 22:58:32.102552+00	27.4	1	goong	3
21452	20	2026-04-19 22:58:32.102552+00	8.5	2	goong	4
21453	20	2026-04-19 22:58:32.102552+00	27.3	1	goong	5
21454	20	2026-04-19 22:58:32.102552+00	28.1	1	goong	6
21455	20	2026-04-19 22:58:32.102552+00	27.7	1	goong	7
21456	16	2026-04-19 22:58:32.102552+00	32.3	1	goong	0
21457	16	2026-04-19 22:58:32.102552+00	25.7	1	goong	1
21458	16	2026-04-19 22:58:32.102552+00	19.5	2	goong	2
21459	16	2026-04-19 22:58:32.102552+00	23.5	1	goong	3
21460	16	2026-04-19 22:58:32.102552+00	27.1	1	goong	4
21461	21	2026-04-19 22:58:32.102552+00	39.1	1	goong	0
21462	21	2026-04-19 22:58:32.102552+00	23.2	2	goong	1
21463	21	2026-04-19 22:58:32.102552+00	22.2	2	goong	2
21464	21	2026-04-19 22:58:32.102552+00	34.9	1	goong	3
21465	21	2026-04-19 22:58:32.102552+00	34.7	1	goong	4
21466	21	2026-04-19 22:58:32.102552+00	34.4	1	goong	5
21467	21	2026-04-19 22:58:32.102552+00	27.2	1	goong	6
21468	21	2026-04-19 22:58:32.102552+00	25.4	1	goong	7
21469	35	2026-04-19 22:58:32.102552+00	26.9	1	goong	0
21470	35	2026-04-19 22:58:32.102552+00	21.6	2	goong	1
21471	35	2026-04-19 22:58:32.102552+00	24.9	1	goong	2
21472	35	2026-04-19 22:58:32.102552+00	30.4	1	goong	3
21473	35	2026-04-19 22:58:32.102552+00	33.7	1	goong	4
21474	35	2026-04-19 22:58:32.102552+00	29.1	1	goong	5
21475	39	2026-04-19 22:58:32.102552+00	30.3	1	goong	0
21476	17	2026-04-19 22:58:32.102552+00	23.7	1	goong	0
21477	17	2026-04-19 22:58:32.102552+00	30	0	goong	1
21478	22	2026-04-19 22:58:32.102552+00	24.7	1	goong	0
21479	22	2026-04-19 22:58:32.102552+00	31.2	1	goong	1
21480	22	2026-04-19 22:58:32.102552+00	31.3	1	goong	2
21481	22	2026-04-19 22:58:32.102552+00	24.1	1	goong	3
21482	38	2026-04-19 22:58:32.102552+00	21.8	1	goong	0
21483	45	2026-04-19 22:58:32.102552+00	35.3	0	goong	0
21484	45	2026-04-19 22:58:32.102552+00	33.6	1	goong	1
21485	46	2026-04-19 22:58:32.102552+00	27	1	goong	0
21486	5	2026-04-19 23:33:50.579272+00	27.6	1	goong	0
21487	5	2026-04-19 23:33:50.579272+00	32.3	1	goong	1
21488	5	2026-04-19 23:33:50.579272+00	31.2	1	goong	2
21489	31	2026-04-19 23:33:50.579272+00	24.3	1	goong	0
21490	27	2026-04-19 23:33:50.579272+00	25	1	goong	0
21491	27	2026-04-19 23:33:50.579272+00	26.9	1	goong	1
21492	4	2026-04-19 23:33:50.579272+00	35.9	1	goong	0
21493	4	2026-04-19 23:33:50.579272+00	29.4	1	goong	1
21494	4	2026-04-19 23:33:50.579272+00	34.2	1	goong	2
21495	4	2026-04-19 23:33:50.579272+00	38.2	1	goong	3
21496	32	2026-04-19 23:33:50.579272+00	34	1	goong	0
21497	32	2026-04-19 23:33:50.579272+00	35.7	1	goong	1
21498	32	2026-04-19 23:33:50.579272+00	30.5	1	goong	2
21499	32	2026-04-19 23:33:50.579272+00	26.6	1	goong	3
21500	6	2026-04-19 23:33:50.579272+00	32.5	1	goong	0
21501	6	2026-04-19 23:33:50.579272+00	37.6	1	goong	1
21502	6	2026-04-19 23:33:50.579272+00	37.8	1	goong	2
21503	6	2026-04-19 23:33:50.579272+00	37.8	1	goong	3
21504	7	2026-04-19 23:33:50.579272+00	25.1	1	goong	0
21505	7	2026-04-19 23:33:50.579272+00	30.7	1	goong	1
21506	7	2026-04-19 23:33:50.579272+00	34.3	1	goong	2
21507	7	2026-04-19 23:33:50.579272+00	37.8	1	goong	3
21508	7	2026-04-19 23:33:50.579272+00	33.5	1	goong	4
21509	7	2026-04-19 23:33:50.579272+00	33.8	1	goong	5
21510	13	2026-04-19 23:33:50.579272+00	23.5	2	goong	0
21511	13	2026-04-19 23:33:50.579272+00	23	2	goong	1
21512	13	2026-04-19 23:33:50.579272+00	29.5	1	goong	2
21513	13	2026-04-19 23:33:50.579272+00	29.2	1	goong	3
21514	13	2026-04-19 23:33:50.579272+00	32.2	1	goong	4
21515	13	2026-04-19 23:33:50.579272+00	29.8	1	goong	5
21516	13	2026-04-19 23:33:50.579272+00	24.5	1	goong	6
21517	13	2026-04-19 23:33:50.579272+00	25.2	1	goong	7
21518	14	2026-04-19 23:33:50.579272+00	27.5	1	goong	0
21519	14	2026-04-19 23:33:50.579272+00	29.5	1	goong	1
21520	14	2026-04-19 23:33:50.579272+00	23.8	2	goong	2
21521	14	2026-04-19 23:33:50.579272+00	23.2	2	goong	3
21522	14	2026-04-19 23:33:50.579272+00	31.8	1	goong	4
21523	14	2026-04-19 23:33:50.579272+00	30.4	1	goong	5
21524	14	2026-04-19 23:33:50.579272+00	32.5	1	goong	6
21525	14	2026-04-19 23:33:50.579272+00	28.7	1	goong	7
21526	19	2026-04-19 23:33:50.579272+00	31.9	1	goong	0
21527	19	2026-04-19 23:33:50.579272+00	30	1	goong	1
21528	19	2026-04-19 23:33:50.579272+00	27.9	1	goong	2
21529	23	2026-04-19 23:33:50.579272+00	24.2	1	goong	0
21530	23	2026-04-19 23:33:50.579272+00	21.6	1	goong	1
21531	23	2026-04-19 23:33:50.579272+00	26.6	1	goong	2
21532	23	2026-04-19 23:33:50.579272+00	26.2	1	goong	3
21533	23	2026-04-19 23:33:50.579272+00	31.4	1	goong	4
21534	23	2026-04-19 23:33:50.579272+00	31.7	1	goong	5
21535	23	2026-04-19 23:33:50.579272+00	24.9	1	goong	6
21536	23	2026-04-19 23:33:50.579272+00	26.4	1	goong	7
21537	37	2026-04-19 23:33:50.579272+00	23.6	1	goong	0
21538	47	2026-04-19 23:33:50.579272+00	31.2	1	goong	0
21539	47	2026-04-19 23:33:50.579272+00	34.1	1	goong	1
21540	26	2026-04-19 23:33:50.579272+00	16.3	2	goong	0
21541	26	2026-04-19 23:33:50.579272+00	31.6	1	goong	1
21542	26	2026-04-19 23:33:50.579272+00	25.7	1	goong	2
21543	26	2026-04-19 23:33:50.579272+00	26.8	1	goong	3
21544	26	2026-04-19 23:33:50.579272+00	25.9	1	goong	4
21545	26	2026-04-19 23:33:50.579272+00	22.2	2	goong	5
21546	26	2026-04-19 23:33:50.579272+00	18.3	2	goong	6
21547	30	2026-04-19 23:33:50.579272+00	33	1	goong	0
21548	30	2026-04-19 23:33:50.579272+00	23.6	1	goong	1
21549	30	2026-04-19 23:33:50.579272+00	22.1	1	goong	2
21550	30	2026-04-19 23:33:50.579272+00	26.6	1	goong	3
21551	30	2026-04-19 23:33:50.579272+00	26.5	1	goong	4
21552	43	2026-04-19 23:33:50.579272+00	25.1	1	goong	0
21553	43	2026-04-19 23:33:50.579272+00	16.7	2	goong	1
21554	43	2026-04-19 23:33:50.579272+00	20.6	1	goong	2
21555	43	2026-04-19 23:33:50.579272+00	21.3	1	goong	3
21556	43	2026-04-19 23:33:50.579272+00	24.7	1	goong	4
21557	43	2026-04-19 23:33:50.579272+00	20.1	1	goong	5
21558	43	2026-04-19 23:33:50.579272+00	19	2	goong	6
21559	48	2026-04-19 23:33:50.579272+00	29.3	1	goong	0
21560	48	2026-04-19 23:33:50.579272+00	30.6	1	goong	1
21561	49	2026-04-19 23:33:50.579272+00	25.4	1	goong	0
21562	49	2026-04-19 23:33:50.579272+00	19.4	2	goong	1
21563	49	2026-04-19 23:33:50.579272+00	24.7	1	goong	2
21564	49	2026-04-19 23:33:50.579272+00	37.5	1	goong	3
21565	49	2026-04-19 23:33:50.579272+00	33.7	1	goong	4
21566	49	2026-04-19 23:33:50.579272+00	37.6	1	goong	5
21567	10	2026-04-19 23:33:50.579272+00	28.3	1	goong	0
21568	50	2026-04-19 23:33:50.579272+00	22.5	2	goong	0
21569	50	2026-04-19 23:33:50.579272+00	29.1	1	goong	1
21570	50	2026-04-19 23:33:50.579272+00	33.8	1	goong	2
21571	50	2026-04-19 23:33:50.579272+00	31.4	1	goong	3
21572	50	2026-04-19 23:33:50.579272+00	19.7	2	goong	4
21573	50	2026-04-19 23:33:50.579272+00	26.2	1	goong	5
21574	50	2026-04-19 23:33:50.579272+00	18.8	2	goong	6
21575	50	2026-04-19 23:33:50.579272+00	28.5	1	goong	7
21576	29	2026-04-19 23:33:50.579272+00	25.8	1	goong	0
21577	29	2026-04-19 23:33:50.579272+00	5.8	2	goong	1
21578	29	2026-04-19 23:33:50.579272+00	25.1	1	goong	2
21579	29	2026-04-19 23:33:50.579272+00	30.9	1	goong	3
21580	29	2026-04-19 23:33:50.579272+00	21.9	2	goong	4
21581	29	2026-04-19 23:33:50.579272+00	39.3	1	goong	5
21582	29	2026-04-19 23:33:50.579272+00	32.7	1	goong	6
21583	29	2026-04-19 23:33:50.579272+00	21.3	2	goong	7
21584	34	2026-04-19 23:33:50.579272+00	22.7	1	goong	0
21585	40	2026-04-19 23:33:50.579272+00	34.3	1	goong	0
21586	40	2026-04-19 23:33:50.579272+00	34.8	1	goong	1
21587	40	2026-04-19 23:33:50.579272+00	34.1	1	goong	2
21588	9	2026-04-19 23:33:50.579272+00	24.5	1	goong	0
21589	9	2026-04-19 23:33:50.579272+00	26	1	goong	1
21590	9	2026-04-19 23:33:50.579272+00	31.4	1	goong	2
21591	8	2026-04-19 23:33:50.579272+00	24.7	1	goong	0
21592	8	2026-04-19 23:33:50.579272+00	32.7	1	goong	1
21593	8	2026-04-19 23:33:50.579272+00	28.2	1	goong	2
21594	8	2026-04-19 23:33:50.579272+00	23.9	1	goong	3
21595	15	2026-04-19 23:33:50.579272+00	17.8	2	goong	0
21596	15	2026-04-19 23:33:50.579272+00	25.6	1	goong	1
21597	15	2026-04-19 23:33:50.579272+00	22.6	1	goong	2
21598	15	2026-04-19 23:33:50.579272+00	21.4	1	goong	3
21599	15	2026-04-19 23:33:50.579272+00	36.6	0	goong	4
21600	15	2026-04-19 23:33:50.579272+00	30.1	1	goong	5
21601	15	2026-04-19 23:33:50.579272+00	30.6	1	goong	6
21602	11	2026-04-19 23:33:50.579272+00	24.9	1	goong	0
21603	11	2026-04-19 23:33:50.579272+00	18.8	2	goong	1
21604	11	2026-04-19 23:33:50.579272+00	32.8	1	goong	2
21605	11	2026-04-19 23:33:50.579272+00	24.4	1	goong	3
21606	18	2026-04-19 23:33:50.579272+00	24.4	2	goong	0
21607	18	2026-04-19 23:33:50.579272+00	24.1	2	goong	1
21608	18	2026-04-19 23:33:50.579272+00	18	2	goong	2
21609	18	2026-04-19 23:33:50.579272+00	28.4	2	goong	3
21610	18	2026-04-19 23:33:50.579272+00	14.9	2	goong	4
21611	18	2026-04-19 23:33:50.579272+00	17.7	2	goong	5
21612	18	2026-04-19 23:33:50.579272+00	13.2	2	goong	6
21613	18	2026-04-19 23:33:50.579272+00	29.7	2	goong	7
21614	24	2026-04-19 23:33:50.579272+00	27.1	1	goong	0
21615	24	2026-04-19 23:33:50.579272+00	15.8	2	goong	1
21616	24	2026-04-19 23:33:50.579272+00	27.5	1	goong	2
21617	24	2026-04-19 23:33:50.579272+00	27.2	1	goong	3
21618	24	2026-04-19 23:33:50.579272+00	12.9	2	goong	4
21619	24	2026-04-19 23:33:50.579272+00	26.1	1	goong	5
21620	24	2026-04-19 23:33:50.579272+00	14.1	2	goong	6
21621	25	2026-04-19 23:33:50.579272+00	29.2	2	goong	0
21622	25	2026-04-19 23:33:50.579272+00	25	2	goong	1
21623	25	2026-04-19 23:33:50.579272+00	29.7	2	goong	2
21624	25	2026-04-19 23:33:50.579272+00	13.2	2	goong	3
21625	25	2026-04-19 23:33:50.579272+00	19.2	2	goong	4
21626	25	2026-04-19 23:33:50.579272+00	33.4	1	goong	5
21627	25	2026-04-19 23:33:50.579272+00	33.4	1	goong	6
21628	25	2026-04-19 23:33:50.579272+00	31.4	2	goong	7
21629	28	2026-04-19 23:33:50.579272+00	32.9	1	goong	0
21630	3	2026-04-19 23:33:50.579272+00	34.1	1	goong	0
21631	3	2026-04-19 23:33:50.579272+00	30.2	1	goong	1
21632	3	2026-04-19 23:33:50.579272+00	31.7	1	goong	2
21633	3	2026-04-19 23:33:50.579272+00	31.5	1	goong	3
21634	3	2026-04-19 23:33:50.579272+00	32.3	1	goong	4
21635	2	2026-04-19 23:33:50.579272+00	32.6	1	goong	0
21636	2	2026-04-19 23:33:50.579272+00	30.3	1	goong	1
21637	2	2026-04-19 23:33:50.579272+00	29.8	1	goong	2
21638	2	2026-04-19 23:33:50.579272+00	31.1	1	goong	3
21639	2	2026-04-19 23:33:50.579272+00	31.7	1	goong	4
21640	20	2026-04-19 23:33:50.579272+00	24.1	1	goong	0
21641	20	2026-04-19 23:33:50.579272+00	25.5	1	goong	1
21642	20	2026-04-19 23:33:50.579272+00	31	1	goong	2
21643	20	2026-04-19 23:33:50.579272+00	27.4	1	goong	3
21644	20	2026-04-19 23:33:50.579272+00	8.5	2	goong	4
21645	20	2026-04-19 23:33:50.579272+00	27.3	1	goong	5
21646	20	2026-04-19 23:33:50.579272+00	28.1	1	goong	6
21647	20	2026-04-19 23:33:50.579272+00	27.7	1	goong	7
21648	16	2026-04-19 23:33:50.579272+00	32.3	1	goong	0
21649	16	2026-04-19 23:33:50.579272+00	25.7	1	goong	1
21650	16	2026-04-19 23:33:50.579272+00	19.5	2	goong	2
21651	16	2026-04-19 23:33:50.579272+00	23.5	1	goong	3
21652	16	2026-04-19 23:33:50.579272+00	27.1	1	goong	4
21653	21	2026-04-19 23:33:50.579272+00	39.1	1	goong	0
21654	21	2026-04-19 23:33:50.579272+00	23.2	2	goong	1
21655	21	2026-04-19 23:33:50.579272+00	22.2	2	goong	2
21656	21	2026-04-19 23:33:50.579272+00	34.9	1	goong	3
21657	21	2026-04-19 23:33:50.579272+00	34.7	1	goong	4
21658	21	2026-04-19 23:33:50.579272+00	34.4	1	goong	5
21659	21	2026-04-19 23:33:50.579272+00	27.2	1	goong	6
21660	21	2026-04-19 23:33:50.579272+00	25.4	1	goong	7
21661	35	2026-04-19 23:33:50.579272+00	26.9	1	goong	0
21662	35	2026-04-19 23:33:50.579272+00	21.6	2	goong	1
21663	35	2026-04-19 23:33:50.579272+00	24.9	1	goong	2
21664	35	2026-04-19 23:33:50.579272+00	30.4	1	goong	3
21665	35	2026-04-19 23:33:50.579272+00	33.7	1	goong	4
21666	35	2026-04-19 23:33:50.579272+00	29.1	1	goong	5
21667	39	2026-04-19 23:33:50.579272+00	30.3	1	goong	0
21668	17	2026-04-19 23:33:50.579272+00	23.7	1	goong	0
21669	17	2026-04-19 23:33:50.579272+00	30	0	goong	1
21670	22	2026-04-19 23:33:50.579272+00	24.7	1	goong	0
21671	22	2026-04-19 23:33:50.579272+00	31.2	1	goong	1
21672	22	2026-04-19 23:33:50.579272+00	31.3	1	goong	2
21673	22	2026-04-19 23:33:50.579272+00	24.1	1	goong	3
21674	38	2026-04-19 23:33:50.579272+00	21.8	1	goong	0
21675	45	2026-04-19 23:33:50.579272+00	35.3	0	goong	0
21676	45	2026-04-19 23:33:50.579272+00	33.6	1	goong	1
21677	46	2026-04-19 23:33:50.579272+00	27	1	goong	0
21678	5	2026-04-20 00:09:08.018446+00	23	1	tomtom	0
21679	5	2026-04-20 00:09:08.018446+00	24	1	tomtom	1
21680	5	2026-04-20 00:09:08.018446+00	23	1	tomtom	2
21681	31	2026-04-20 00:09:08.018446+00	37	0	tomtom	0
21682	27	2026-04-20 00:09:08.018446+00	43	0	tomtom	0
21683	27	2026-04-20 00:09:08.018446+00	46	0	tomtom	1
21684	4	2026-04-20 00:09:08.018446+00	23	1	tomtom	0
21685	4	2026-04-20 00:09:08.018446+00	20	1	tomtom	1
21686	4	2026-04-20 00:09:08.018446+00	20	1	tomtom	2
21687	4	2026-04-20 00:09:08.018446+00	23	1	tomtom	3
21688	32	2026-04-20 00:09:08.018446+00	31	0	tomtom	0
21689	32	2026-04-20 00:09:08.018446+00	8	2	tomtom	1
21690	32	2026-04-20 00:09:08.018446+00	31	0	tomtom	2
21691	32	2026-04-20 00:09:08.018446+00	31	0	tomtom	3
21692	6	2026-04-20 00:09:08.018446+00	28	0	tomtom	0
21693	6	2026-04-20 00:09:08.018446+00	28	0	tomtom	1
21694	6	2026-04-20 00:09:08.018446+00	28	0	tomtom	2
21695	6	2026-04-20 00:09:08.018446+00	28	0	tomtom	3
21696	7	2026-04-20 00:09:08.018446+00	49	0	tomtom	0
21697	7	2026-04-20 00:09:08.018446+00	23	1	tomtom	1
21698	7	2026-04-20 00:09:08.018446+00	23	1	tomtom	2
21699	7	2026-04-20 00:09:08.018446+00	23	1	tomtom	3
21700	7	2026-04-20 00:09:08.018446+00	47	0	tomtom	4
21701	7	2026-04-20 00:09:08.018446+00	23	1	tomtom	5
21702	13	2026-04-20 00:09:08.018446+00	49	0	tomtom	0
21703	13	2026-04-20 00:09:08.018446+00	49	0	tomtom	1
21704	13	2026-04-20 00:09:08.018446+00	41	0	tomtom	2
21705	13	2026-04-20 00:09:08.018446+00	47	0	tomtom	3
21706	13	2026-04-20 00:09:08.018446+00	47	0	tomtom	4
21707	13	2026-04-20 00:09:08.018446+00	47	0	tomtom	5
21708	13	2026-04-20 00:09:08.018446+00	45	0	tomtom	6
21709	13	2026-04-20 00:09:08.018446+00	45	0	tomtom	7
21710	14	2026-04-20 00:09:08.018446+00	36	0	tomtom	0
21711	14	2026-04-20 00:09:08.018446+00	36	0	tomtom	1
21712	14	2026-04-20 00:09:08.018446+00	36	0	tomtom	2
21713	14	2026-04-20 00:09:08.018446+00	41	0	tomtom	3
21714	14	2026-04-20 00:09:08.018446+00	41	0	tomtom	4
21715	14	2026-04-20 00:09:08.018446+00	41	0	tomtom	5
21716	14	2026-04-20 00:09:08.018446+00	36	0	tomtom	6
21717	14	2026-04-20 00:09:08.018446+00	41	0	tomtom	7
21718	19	2026-04-20 00:09:08.018446+00	40	0	tomtom	0
21719	19	2026-04-20 00:09:08.018446+00	40	0	tomtom	1
21720	19	2026-04-20 00:09:08.018446+00	40	0	tomtom	2
21721	23	2026-04-20 00:09:08.018446+00	32	0	tomtom	0
21722	23	2026-04-20 00:09:08.018446+00	32	0	tomtom	1
21723	23	2026-04-20 00:09:08.018446+00	32	0	tomtom	2
21724	23	2026-04-20 00:09:08.018446+00	31	0	tomtom	3
21725	23	2026-04-20 00:09:08.018446+00	32	0	tomtom	4
21726	23	2026-04-20 00:09:08.018446+00	32	0	tomtom	5
21727	23	2026-04-20 00:09:08.018446+00	25	1	tomtom	6
21728	23	2026-04-20 00:09:08.018446+00	42	0	tomtom	7
21729	37	2026-04-20 00:09:08.018446+00	28	1	tomtom	0
21730	47	2026-04-20 00:09:08.018446+00	22	1	tomtom	0
21731	47	2026-04-20 00:09:08.018446+00	22	1	tomtom	1
21732	26	2026-04-20 00:09:08.018446+00	32	0	tomtom	0
21733	26	2026-04-20 00:09:08.018446+00	32	0	tomtom	1
21734	26	2026-04-20 00:09:08.018446+00	32	0	tomtom	2
21735	26	2026-04-20 00:09:08.018446+00	32	0	tomtom	3
21736	26	2026-04-20 00:09:08.018446+00	32	0	tomtom	4
21737	26	2026-04-20 00:09:08.018446+00	32	0	tomtom	5
21738	26	2026-04-20 00:09:08.018446+00	37	0	tomtom	6
21739	30	2026-04-20 00:09:08.018446+00	28	0	tomtom	0
21740	30	2026-04-20 00:09:08.018446+00	28	0	tomtom	1
21741	30	2026-04-20 00:09:08.018446+00	28	0	tomtom	2
21742	30	2026-04-20 00:09:08.018446+00	33	0	tomtom	3
21743	30	2026-04-20 00:09:08.018446+00	28	0	tomtom	4
21744	43	2026-04-20 00:09:08.018446+00	37	0	tomtom	0
21745	43	2026-04-20 00:09:08.018446+00	37	0	tomtom	1
21746	43	2026-04-20 00:09:08.018446+00	33	0	tomtom	2
21747	43	2026-04-20 00:09:08.018446+00	33	0	tomtom	3
21748	43	2026-04-20 00:09:08.018446+00	28	0	tomtom	4
21749	43	2026-04-20 00:09:08.018446+00	28	0	tomtom	5
21750	43	2026-04-20 00:09:08.018446+00	33	0	tomtom	6
21751	48	2026-04-20 00:09:08.018446+00	11	1	tomtom	0
21752	48	2026-04-20 00:09:08.018446+00	39	0	tomtom	1
21753	49	2026-04-20 00:09:08.018446+00	31	0	tomtom	0
21754	49	2026-04-20 00:09:08.018446+00	31	0	tomtom	1
21755	49	2026-04-20 00:09:08.018446+00	28	0	tomtom	2
21756	49	2026-04-20 00:09:08.018446+00	39	0	tomtom	3
21757	49	2026-04-20 00:09:08.018446+00	31	0	tomtom	4
21758	49	2026-04-20 00:09:08.018446+00	31	0	tomtom	5
21759	10	2026-04-20 00:09:08.018446+00	18	1	tomtom	0
21760	50	2026-04-20 00:09:08.018446+00	34	0	tomtom	0
21761	50	2026-04-20 00:09:08.018446+00	34	0	tomtom	1
21762	50	2026-04-20 00:09:08.018446+00	34	0	tomtom	2
21763	50	2026-04-20 00:09:08.018446+00	15	1	tomtom	3
21764	50	2026-04-20 00:09:08.018446+00	34	0	tomtom	4
21765	50	2026-04-20 00:09:08.018446+00	25	1	tomtom	5
21766	50	2026-04-20 00:09:08.018446+00	25	1	tomtom	6
21767	50	2026-04-20 00:09:08.018446+00	15	1	tomtom	7
21768	29	2026-04-20 00:09:08.018446+00	29	1	tomtom	0
21769	29	2026-04-20 00:09:08.018446+00	29	1	tomtom	1
21770	29	2026-04-20 00:09:08.018446+00	29	1	tomtom	2
21771	29	2026-04-20 00:09:08.018446+00	29	1	tomtom	3
21772	29	2026-04-20 00:09:08.018446+00	29	1	tomtom	4
21773	29	2026-04-20 00:09:08.018446+00	29	1	tomtom	5
21774	29	2026-04-20 00:09:08.018446+00	45	0	tomtom	6
21775	29	2026-04-20 00:09:08.018446+00	29	1	tomtom	7
21776	34	2026-04-20 00:09:08.018446+00	31	0	tomtom	0
21777	40	2026-04-20 00:09:08.018446+00	40	0	tomtom	0
21778	40	2026-04-20 00:09:08.018446+00	40	0	tomtom	1
21779	40	2026-04-20 00:09:08.018446+00	40	0	tomtom	2
21780	9	2026-04-20 00:09:08.018446+00	24	1	tomtom	0
21781	9	2026-04-20 00:09:08.018446+00	24	1	tomtom	1
21782	9	2026-04-20 00:09:08.018446+00	24	1	tomtom	2
21783	8	2026-04-20 00:09:08.018446+00	16	1	tomtom	0
21784	8	2026-04-20 00:09:08.018446+00	16	1	tomtom	1
21785	8	2026-04-20 00:09:08.018446+00	16	1	tomtom	2
21786	8	2026-04-20 00:09:08.018446+00	16	1	tomtom	3
21787	15	2026-04-20 00:09:08.018446+00	29	1	tomtom	0
21788	15	2026-04-20 00:09:08.018446+00	28	1	tomtom	1
21789	15	2026-04-20 00:09:08.018446+00	29	1	tomtom	2
21790	15	2026-04-20 00:09:08.018446+00	29	1	tomtom	3
21791	15	2026-04-20 00:09:08.018446+00	29	1	tomtom	4
21792	15	2026-04-20 00:09:08.018446+00	29	1	tomtom	5
21793	15	2026-04-20 00:09:08.018446+00	28	1	tomtom	6
21794	11	2026-04-20 00:09:08.018446+00	16	1	tomtom	0
21795	11	2026-04-20 00:09:08.018446+00	16	1	tomtom	1
21796	11	2026-04-20 00:09:08.018446+00	20	1	tomtom	2
21797	11	2026-04-20 00:09:08.018446+00	24	1	tomtom	3
21798	18	2026-04-20 00:09:08.018446+00	34	0	tomtom	0
21799	18	2026-04-20 00:09:08.018446+00	43	0	tomtom	1
21800	18	2026-04-20 00:09:08.018446+00	34	0	tomtom	2
21801	18	2026-04-20 00:09:08.018446+00	43	0	tomtom	3
21802	18	2026-04-20 00:09:08.018446+00	43	0	tomtom	4
21803	18	2026-04-20 00:09:08.018446+00	43	0	tomtom	5
21804	18	2026-04-20 00:09:08.018446+00	43	0	tomtom	6
21805	18	2026-04-20 00:09:08.018446+00	43	0	tomtom	7
21806	24	2026-04-20 00:09:08.018446+00	43	0	tomtom	0
21807	24	2026-04-20 00:09:08.018446+00	43	0	tomtom	1
21808	24	2026-04-20 00:09:08.018446+00	43	0	tomtom	2
21809	24	2026-04-20 00:09:08.018446+00	49	0	tomtom	3
21810	24	2026-04-20 00:09:08.018446+00	49	0	tomtom	4
21811	24	2026-04-20 00:09:08.018446+00	49	0	tomtom	5
21812	24	2026-04-20 00:09:08.018446+00	49	0	tomtom	6
21813	25	2026-04-20 00:09:08.018446+00	35	0	tomtom	0
21814	25	2026-04-20 00:09:08.018446+00	34	0	tomtom	1
21815	25	2026-04-20 00:09:08.018446+00	35	0	tomtom	2
21816	25	2026-04-20 00:09:08.018446+00	35	0	tomtom	3
21817	25	2026-04-20 00:09:08.018446+00	35	0	tomtom	4
21818	25	2026-04-20 00:09:08.018446+00	35	0	tomtom	5
21819	25	2026-04-20 00:09:08.018446+00	34	0	tomtom	6
21820	25	2026-04-20 00:09:08.018446+00	34	0	tomtom	7
21821	28	2026-04-20 00:09:08.018446+00	34	0	tomtom	0
21822	3	2026-04-20 00:09:08.018446+00	20	1	tomtom	0
21823	3	2026-04-20 00:09:08.018446+00	20	1	tomtom	1
21824	3	2026-04-20 00:09:08.018446+00	20	1	tomtom	2
21825	3	2026-04-20 00:09:08.018446+00	24	1	tomtom	3
21826	3	2026-04-20 00:09:08.018446+00	24	1	tomtom	4
21827	2	2026-04-20 00:09:08.018446+00	30	0	tomtom	0
21828	2	2026-04-20 00:09:08.018446+00	30	0	tomtom	1
21829	2	2026-04-20 00:09:08.018446+00	30	0	tomtom	2
21830	2	2026-04-20 00:09:08.018446+00	30	0	tomtom	3
21831	2	2026-04-20 00:09:08.018446+00	30	0	tomtom	4
21832	20	2026-04-20 00:09:08.018446+00	31	1	tomtom	0
21833	20	2026-04-20 00:09:08.018446+00	31	1	tomtom	1
21834	20	2026-04-20 00:09:08.018446+00	30	1	tomtom	2
21835	20	2026-04-20 00:09:08.018446+00	29	0	tomtom	3
21836	20	2026-04-20 00:09:08.018446+00	33	0	tomtom	4
21837	20	2026-04-20 00:09:08.018446+00	33	0	tomtom	5
21838	20	2026-04-20 00:09:08.018446+00	30	0	tomtom	6
21839	20	2026-04-20 00:09:08.018446+00	33	0	tomtom	7
21840	16	2026-04-20 00:09:08.018446+00	20	1	tomtom	0
21841	16	2026-04-20 00:09:08.018446+00	39	0	tomtom	1
21842	16	2026-04-20 00:09:08.018446+00	21	1	tomtom	2
21843	16	2026-04-20 00:09:08.018446+00	21	1	tomtom	3
21844	16	2026-04-20 00:09:08.018446+00	20	1	tomtom	4
21845	21	2026-04-20 00:09:08.018446+00	34	0	tomtom	0
21846	21	2026-04-20 00:09:08.018446+00	32	0	tomtom	1
21847	21	2026-04-20 00:09:08.018446+00	34	0	tomtom	2
21848	21	2026-04-20 00:09:08.018446+00	34	0	tomtom	3
21849	21	2026-04-20 00:09:08.018446+00	32	0	tomtom	4
21850	21	2026-04-20 00:09:08.018446+00	34	0	tomtom	5
21851	21	2026-04-20 00:09:08.018446+00	34	0	tomtom	6
21852	21	2026-04-20 00:09:08.018446+00	32	0	tomtom	7
21853	35	2026-04-20 00:09:08.018446+00	27	0	tomtom	0
21854	35	2026-04-20 00:09:08.018446+00	27	0	tomtom	1
21855	35	2026-04-20 00:09:08.018446+00	27	0	tomtom	2
21856	35	2026-04-20 00:09:08.018446+00	31	0	tomtom	3
21857	35	2026-04-20 00:09:08.018446+00	27	0	tomtom	4
21858	35	2026-04-20 00:09:08.018446+00	27	0	tomtom	5
21859	39	2026-04-20 00:09:08.018446+00	24	1	tomtom	0
21860	17	2026-04-20 00:09:08.018446+00	21	1	tomtom	0
21861	17	2026-04-20 00:09:08.018446+00	21	1	tomtom	1
21862	22	2026-04-20 00:09:08.018446+00	45	0	tomtom	0
21863	22	2026-04-20 00:09:08.018446+00	45	0	tomtom	1
21864	22	2026-04-20 00:09:08.018446+00	38	0	tomtom	2
21865	22	2026-04-20 00:09:08.018446+00	23	0	tomtom	3
21866	38	2026-04-20 00:09:08.018446+00	38	0	tomtom	0
21867	45	2026-04-20 00:09:08.018446+00	31	0	tomtom	0
21868	45	2026-04-20 00:09:08.018446+00	32	0	tomtom	1
21869	46	2026-04-20 00:09:08.018446+00	23	1	tomtom	0
\.


--
-- Data for Name: users; Type: TABLE DATA; Schema: public; Owner: -
--

COPY public.users (id, email, password_hash, role, full_name, is_active, failed_attempts, is_locked, locked_until, last_login, created_at) FROM stdin;
\.


--
-- Data for Name: geocode_settings; Type: TABLE DATA; Schema: tiger; Owner: -
--

COPY tiger.geocode_settings (name, setting, unit, category, short_desc) FROM stdin;
\.


--
-- Data for Name: pagc_gaz; Type: TABLE DATA; Schema: tiger; Owner: -
--

COPY tiger.pagc_gaz (id, seq, word, stdword, token, is_custom) FROM stdin;
\.


--
-- Data for Name: pagc_lex; Type: TABLE DATA; Schema: tiger; Owner: -
--

COPY tiger.pagc_lex (id, seq, word, stdword, token, is_custom) FROM stdin;
\.


--
-- Data for Name: pagc_rules; Type: TABLE DATA; Schema: tiger; Owner: -
--

COPY tiger.pagc_rules (id, rule, is_custom) FROM stdin;
\.


--
-- Data for Name: topology; Type: TABLE DATA; Schema: topology; Owner: -
--

COPY topology.topology (id, name, srid, "precision", hasz) FROM stdin;
\.


--
-- Data for Name: layer; Type: TABLE DATA; Schema: topology; Owner: -
--

COPY topology.layer (topology_id, layer_id, schema_name, table_name, feature_column, feature_type, level, child_id) FROM stdin;
\.


--
-- Name: audit_log_id_seq; Type: SEQUENCE SET; Schema: public; Owner: -
--

SELECT pg_catalog.setval('public.audit_log_id_seq', 1, false);


--
-- Name: districts_id_seq; Type: SEQUENCE SET; Schema: public; Owner: -
--

SELECT pg_catalog.setval('public.districts_id_seq', 8, true);


--
-- Name: feedback_id_seq; Type: SEQUENCE SET; Schema: public; Owner: -
--

SELECT pg_catalog.setval('public.feedback_id_seq', 1, false);


--
-- Name: incidents_id_seq; Type: SEQUENCE SET; Schema: public; Owner: -
--

SELECT pg_catalog.setval('public.incidents_id_seq', 1, false);


--
-- Name: predictions_id_seq; Type: SEQUENCE SET; Schema: public; Owner: -
--

SELECT pg_catalog.setval('public.predictions_id_seq', 1, false);


--
-- Name: streets_id_seq; Type: SEQUENCE SET; Schema: public; Owner: -
--

SELECT pg_catalog.setval('public.streets_id_seq', 50, true);


--
-- Name: traffic_data_id_seq; Type: SEQUENCE SET; Schema: public; Owner: -
--

SELECT pg_catalog.setval('public.traffic_data_id_seq', 21869, true);


--
-- Name: users_id_seq; Type: SEQUENCE SET; Schema: public; Owner: -
--

SELECT pg_catalog.setval('public.users_id_seq', 1, false);


--
-- Name: topology_id_seq; Type: SEQUENCE SET; Schema: topology; Owner: -
--

SELECT pg_catalog.setval('topology.topology_id_seq', 1, false);


--
-- Name: alembic_version alembic_version_pkc; Type: CONSTRAINT; Schema: public; Owner: -
--

ALTER TABLE ONLY public.alembic_version
    ADD CONSTRAINT alembic_version_pkc PRIMARY KEY (version_num);


--
-- Name: audit_log audit_log_pkey; Type: CONSTRAINT; Schema: public; Owner: -
--

ALTER TABLE ONLY public.audit_log
    ADD CONSTRAINT audit_log_pkey PRIMARY KEY (id);


--
-- Name: districts districts_pkey; Type: CONSTRAINT; Schema: public; Owner: -
--

ALTER TABLE ONLY public.districts
    ADD CONSTRAINT districts_pkey PRIMARY KEY (id);


--
-- Name: feedback feedback_pkey; Type: CONSTRAINT; Schema: public; Owner: -
--

ALTER TABLE ONLY public.feedback
    ADD CONSTRAINT feedback_pkey PRIMARY KEY (id);


--
-- Name: incidents incidents_pkey; Type: CONSTRAINT; Schema: public; Owner: -
--

ALTER TABLE ONLY public.incidents
    ADD CONSTRAINT incidents_pkey PRIMARY KEY (id);


--
-- Name: predictions predictions_pkey; Type: CONSTRAINT; Schema: public; Owner: -
--

ALTER TABLE ONLY public.predictions
    ADD CONSTRAINT predictions_pkey PRIMARY KEY (id);


--
-- Name: streets streets_pkey; Type: CONSTRAINT; Schema: public; Owner: -
--

ALTER TABLE ONLY public.streets
    ADD CONSTRAINT streets_pkey PRIMARY KEY (id);


--
-- Name: system_config system_config_pkey; Type: CONSTRAINT; Schema: public; Owner: -
--

ALTER TABLE ONLY public.system_config
    ADD CONSTRAINT system_config_pkey PRIMARY KEY (key);


--
-- Name: traffic_data traffic_data_pkey; Type: CONSTRAINT; Schema: public; Owner: -
--

ALTER TABLE ONLY public.traffic_data
    ADD CONSTRAINT traffic_data_pkey PRIMARY KEY (id);


--
-- Name: users users_pkey; Type: CONSTRAINT; Schema: public; Owner: -
--

ALTER TABLE ONLY public.users
    ADD CONSTRAINT users_pkey PRIMARY KEY (id);


--
-- Name: idx_districts_geometry; Type: INDEX; Schema: public; Owner: -
--

CREATE INDEX idx_districts_geometry ON public.districts USING gist (geometry);


--
-- Name: idx_feedback_street_time; Type: INDEX; Schema: public; Owner: -
--

CREATE INDEX idx_feedback_street_time ON public.feedback USING btree (street_id, created_at);


--
-- Name: idx_incidents_active_street; Type: INDEX; Schema: public; Owner: -
--

CREATE INDEX idx_incidents_active_street ON public.incidents USING btree (street_id) WHERE (is_active = true);


--
-- Name: idx_predictions_street_time; Type: INDEX; Schema: public; Owner: -
--

CREATE INDEX idx_predictions_street_time ON public.predictions USING btree (street_id, predicted_at);


--
-- Name: idx_streets_geometry; Type: INDEX; Schema: public; Owner: -
--

CREATE INDEX idx_streets_geometry ON public.streets USING gist (geometry);


--
-- Name: idx_traffic_street_seg_time; Type: INDEX; Schema: public; Owner: -
--

CREATE INDEX idx_traffic_street_seg_time ON public.traffic_data USING btree (street_id, segment_idx, "timestamp" DESC);


--
-- Name: idx_traffic_street_time; Type: INDEX; Schema: public; Owner: -
--

CREATE INDEX idx_traffic_street_time ON public.traffic_data USING btree (street_id, "timestamp");


--
-- Name: ix_districts_id; Type: INDEX; Schema: public; Owner: -
--

CREATE INDEX ix_districts_id ON public.districts USING btree (id);


--
-- Name: ix_feedback_id; Type: INDEX; Schema: public; Owner: -
--

CREATE INDEX ix_feedback_id ON public.feedback USING btree (id);


--
-- Name: ix_incidents_id; Type: INDEX; Schema: public; Owner: -
--

CREATE INDEX ix_incidents_id ON public.incidents USING btree (id);


--
-- Name: ix_streets_id; Type: INDEX; Schema: public; Owner: -
--

CREATE INDEX ix_streets_id ON public.streets USING btree (id);


--
-- Name: ix_users_email; Type: INDEX; Schema: public; Owner: -
--

CREATE UNIQUE INDEX ix_users_email ON public.users USING btree (email);


--
-- Name: ix_users_id; Type: INDEX; Schema: public; Owner: -
--

CREATE INDEX ix_users_id ON public.users USING btree (id);


--
-- Name: audit_log audit_log_user_id_fkey; Type: FK CONSTRAINT; Schema: public; Owner: -
--

ALTER TABLE ONLY public.audit_log
    ADD CONSTRAINT audit_log_user_id_fkey FOREIGN KEY (user_id) REFERENCES public.users(id);


--
-- Name: feedback feedback_street_id_fkey; Type: FK CONSTRAINT; Schema: public; Owner: -
--

ALTER TABLE ONLY public.feedback
    ADD CONSTRAINT feedback_street_id_fkey FOREIGN KEY (street_id) REFERENCES public.streets(id);


--
-- Name: incidents incidents_created_by_fkey; Type: FK CONSTRAINT; Schema: public; Owner: -
--

ALTER TABLE ONLY public.incidents
    ADD CONSTRAINT incidents_created_by_fkey FOREIGN KEY (created_by) REFERENCES public.users(id);


--
-- Name: incidents incidents_street_id_fkey; Type: FK CONSTRAINT; Schema: public; Owner: -
--

ALTER TABLE ONLY public.incidents
    ADD CONSTRAINT incidents_street_id_fkey FOREIGN KEY (street_id) REFERENCES public.streets(id);


--
-- Name: predictions predictions_street_id_fkey; Type: FK CONSTRAINT; Schema: public; Owner: -
--

ALTER TABLE ONLY public.predictions
    ADD CONSTRAINT predictions_street_id_fkey FOREIGN KEY (street_id) REFERENCES public.streets(id);


--
-- Name: streets streets_district_id_fkey; Type: FK CONSTRAINT; Schema: public; Owner: -
--

ALTER TABLE ONLY public.streets
    ADD CONSTRAINT streets_district_id_fkey FOREIGN KEY (district_id) REFERENCES public.districts(id);


--
-- Name: system_config system_config_updated_by_fkey; Type: FK CONSTRAINT; Schema: public; Owner: -
--

ALTER TABLE ONLY public.system_config
    ADD CONSTRAINT system_config_updated_by_fkey FOREIGN KEY (updated_by) REFERENCES public.users(id);


--
-- Name: traffic_data traffic_data_street_id_fkey; Type: FK CONSTRAINT; Schema: public; Owner: -
--

ALTER TABLE ONLY public.traffic_data
    ADD CONSTRAINT traffic_data_street_id_fkey FOREIGN KEY (street_id) REFERENCES public.streets(id);


--
-- PostgreSQL database dump complete
--

